YEAR,MO,DY,T2M_MAX,T2M_MIN,RH2M,PRECTOTCORR,WS10M_MAX,WS10M_MIN,WD10M
2018,1,1,30.32,25.3,81.88,4.04,4.68,1.45,232.31
2018,1,2,29.95,25.7,82.81,8.4,4.55,3.42,235.88
2018,1,3,30.55,25.76,80.94,2.01,3.48,1.29,231.19
2018,1,4,28.62,26.26,85.69,7.13,4.71,2.98,225.06
2018,1,5,29.26,25.78,84.25,11.36,5.63,3.64,243.25
2018,1,6,29.87,25.31,81.81,3.63,5.65,3.13,235.69
2018,1,7,29.51,25.36,81.44,1.33,5.25,3.07,251.31
2018,1,8,29.28,25.29,82.5,1.62,4.47,2.12,270
2018,1,9,28.83,25.58,83.81,3.44,4.1,1.06,311.56
2018,1,10,29.37,25.48,83.06,6.67,5.17,1.78,296.44
2018,1,11,29.38,25.25,82.12,9.76,5.94,3.72,264.19
2018,1,12,28.63,25.4,82.88,5.09,5.57,2.34,271.44
2018,1,13,28.73,25.79,81.31,7.17,7.77,4.16,289.94
2018,1,14,28.26,24.91,84.19,5.79,7.32,3.59,281.69
2018,1,15,29.02,25.29,83.75,9.57,6.12,3.77,267.88
2018,1,16,28.1,25.34,81.81,6.23,7.27,3.11,266.38
2018,1,17,28.91,24.87,82.75,3.61,5.65,2.1,276.56
2018,1,18,27.85,25.03,87.38,7.83,4.8,1.82,275.69
2018,1,19,28.25,25.37,85.88,7.15,7.15,3.37,258.94
2018,1,20,28.8,25.26,86,7.68,6.91,4.34,261.94
2018,1,21,28.6,25.48,86,5.13,6.05,4.38,261.94
2018,1,22,27.78,25.63,87.12,4.4,7.02,3.83,270.25
2018,1,23,28.01,25.37,87.69,6.23,5.74,2.75,296.19
2018,1,24,28.7,25.51,88.56,9.75,5.45,2.81,280.19
2018,1,25,28.15,25.3,86.94,17.36,6.13,3.18,269.75
2018,1,26,28.36,25.87,87.69,5.94,7.24,4.66,272.12
2018,1,27,28.97,25.65,85.31,2.58,7.52,3.46,273.19
2018,1,28,28.16,25.92,87.75,7.98,7.66,4.73,276.75
2018,1,29,28.03,25.37,88.69,6.71,6.54,4.33,268.69
2018,1,30,29.12,25.36,85.44,8.58,7.27,4.27,274.88
2018,1,31,28.78,25.4,86.12,7.07,6.08,2.78,291.5
2018,2,1,28.5,26.16,89.12,49.83,6.16,2.23,280.69
2018,2,2,28.56,25.88,87.25,16.94,5.7,2.48,291.81
2018,2,3,28,25.56,88,19.16,6.69,2.41,315.88
2018,2,4,28.03,26.06,86.88,27.85,6.33,2.7,316.44
2018,2,5,27.01,25.09,89.31,32.28,6.95,2.3,302.12
2018,2,6,27.48,24.6,86.38,10.28,5.32,2.21,305.12
2018,2,7,26.97,25.04,89.12,38.19,5.9,1.22,291.31
2018,2,8,27.32,24.65,89.19,37.41,6.04,1.76,283.56
2018,2,9,28.23,24.79,86.94,6.2,5.68,2.53,276.88
2018,2,10,28.51,24.79,86.69,5.35,5.04,1.86,289.12
2018,2,11,27.88,24.87,87.75,8.73,5.79,2.13,293.06
2018,2,12,27.13,25.2,86.69,26.93,6.97,1.34,305.56
2018,2,13,27.85,25.35,86.56,6.76,6.71,3.12,293.5
2018,2,14,27.65,25.14,88.06,14.15,4.62,1.66,277.31
2018,2,15,27.47,25.14,88.75,39.14,6.46,2.48,265.25
2018,2,16,28.8,24.28,83.69,1.81,5.71,3.33,259.31
2018,2,17,28.75,25.22,86.5,3.94,4.83,3.38,248.25
2018,2,18,27.68,24.64,87.44,7.67,3.83,1.68,251.25
2018,2,19,28.69,24.82,87.06,7.7,4.09,2.43,268.31
2018,2,20,29.27,25.26,85.31,13.71,5.02,2.25,256.06
2018,2,21,29.1,25.4,85.06,6.6,4.2,1.71,274.38
2018,2,22,28.92,25.11,82.94,4.9,3.22,0.77,261.94
2018,2,23,28.84,24.92,84.62,6.36,3.92,1.38,282.31
2018,2,24,28.44,24.89,86.31,8.2,4.4,1.66,294.5
2018,2,25,28.73,25.7,82.19,4.66,2.76,0.22,260.19
2018,2,26,27.43,25.36,86.81,19.58,4.03,0.62,310.88
2018,2,27,29.32,25.42,84.25,10.23,3.52,1.4,293.88
2018,2,28,27.8,26.04,87,15.35,3.2,0.84,319.75
2018,3,1,29.09,25.69,84,15.86,2.52,0.72,293.88
2018,3,2,30.09,25.31,82.62,2.41,2.77,1.16,267.5
2018,3,3,29.62,26.31,82.06,9.35,4.15,0.31,292.12
2018,3,4,29.37,26.58,84.62,6.64,3.76,0.44,300.44
2018,3,5,28.65,25.99,84.94,21.42,4.93,0.62,248.44
2018,3,6,29.76,25.48,79.88,8.98,3.51,1.25,266.12
2018,3,7,29.05,25.86,88.12,8.32,4.41,3.01,265.06
2018,3,8,28.61,25.33,85.88,3.36,3.02,1.8,295
2018,3,9,29.43,25.38,82.81,7.58,4.3,1.86,286.19
2018,3,10,28.64,25.53,85.25,7.83,4.2,0.8,292.81
2018,3,11,29.22,26.1,85.25,15.24,5.24,1.31,299.31
2018,3,12,27.93,25.63,88.5,45.95,6.91,3.59,283.31
2018,3,13,29.25,25.66,83.56,20.52,4.52,2.77,296.81
2018,3,14,29.36,25.18,83.62,5.88,4.3,1.77,278.38
2018,3,15,30.94,25.21,78.5,2.3,4.41,1.96,230.19
2018,3,16,30.37,25.52,80.62,4.89,3.7,0.12,235.88
2018,3,17,29.13,25.94,82.25,18.69,2.65,1.12,257.56
2018,3,18,29.22,25.65,78.06,4.14,2.25,0.55,205.19
2018,3,19,29.71,26.08,80.19,7.65,2.91,0.35,301.5
2018,3,20,29.48,25.94,83.19,13.67,3.96,1.1,229.88
2018,3,21,28.8,25.95,87,15.48,7.7,3.95,253.5
2018,3,22,28.8,25.53,81.25,5.81,4.84,0.39,270.38
2018,3,23,29.95,25.44,78.25,2.41,3.7,0.78,245.44
2018,3,24,30.4,24.96,80.62,11.79,5.12,0.32,215.88
2018,3,25,29.51,25.18,85,15.65,5.09,3.87,228.62
2018,3,26,28.9,25.3,84.56,4.7,5.2,3.08,241.12
2018,3,27,29.53,24.66,82.19,8.04,4.73,2.87,251.5
2018,3,28,30.94,25.37,79.44,9.44,3.62,0.95,228.94
2018,3,29,31.25,25.21,79.31,3.29,4.44,0.69,226.81
2018,3,30,30.8,24.98,81,1.1,4.74,2.41,246.69
2018,3,31,28.97,25.85,84.88,3.81,5.2,3.64,257.69
2018,4,1,29.9,25.51,85.06,5.18,5.74,2.9,254.19
2018,4,2,28.81,25.58,87.56,15.86,3.77,2.21,259.75
2018,4,3,28.84,25.5,83.62,17.64,2.59,0.79,266.25
2018,4,4,29.65,25.89,81.31,10.86,2.49,0.33,195.56
2018,4,5,30.45,26.56,79.81,9.27,3.52,0.23,130.75
2018,4,6,29.89,26.28,82.69,14.24,3.84,1.04,65.44
2018,4,7,29.94,26.11,83.75,3.96,5.02,2.94,87.81
2018,4,8,28.95,25.99,86.31,4.87,5.66,2.85,67.38
2018,4,9,29.01,25.82,83,5.48,2.97,2.05,73
2018,4,10,30,25.79,81.88,0.55,5.01,2.84,101.94
2018,4,11,29.95,25.96,83.31,0.22,3.99,2.45,95.62
2018,4,12,30.2,26.19,82.19,0.54,4.73,2.95,95.94
2018,4,13,30.69,25.99,83.31,1.45,4.2,2.54,79.44
2018,4,14,29.9,26.99,86.31,5.11,3.45,2.51,67.06
2018,4,15,30.56,26.76,82.75,1.69,3.32,1.52,57.75
2018,4,16,30.53,26.65,80.75,1.9,3.31,0.5,76.94
2018,4,17,28.79,26.55,83.81,4.03,3.59,0.54,79.38
2018,4,18,30.36,26.08,79.44,1.62,3.18,0.7,82.38
2018,4,19,29.83,27.26,78.44,2.69,3.29,0.13,71.31
2018,4,20,30.15,27.08,79.12,2.26,2.74,0.91,52.81
2018,4,21,30.58,26.56,78.56,1.74,3.27,0.84,65.75
2018,4,22,30.63,25.94,80.38,1.52,3.61,1.49,83.25
2018,4,23,28.37,26.47,86.5,15.28,4.3,0.95,108.69
2018,4,24,28.76,26.28,86.19,1.65,3.72,2.41,91.75
2018,4,25,29.84,26.48,80.69,12.45,3.2,0.28,144.94
2018,4,26,28.84,26.4,87.06,4.55,5.8,3.22,84.06
2018,4,27,30.32,26.26,84,5.36,6.05,2.56,76.75
2018,4,28,30.33,26.85,83.12,15.49,3.17,0.78,98.12
2018,4,29,30.51,26.74,80,2.38,3.95,0.7,102.69
2018,4,30,30.36,25.37,80.06,0.05,5.43,3.31,107.31
2018,5,1,30.39,25.23,79.75,0.26,4.81,3.51,94.69
2018,5,2,30.57,25.15,77.75,0.2,3.98,2.49,102.75
2018,5,3,30.37,25.65,78,0.55,3.01,2.21,99.5
2018,5,4,30.48,26.23,80.19,1.63,3.93,2.41,89.88
2018,5,5,30.31,26.38,80.5,0.54,4.87,2.77,96.62
2018,5,6,30.55,26.09,80.94,0.1,5.87,3.85,96.06
2018,5,7,30.55,26.06,82.38,1,5.72,3.23,96.81
2018,5,8,30.43,25.47,82.12,3.65,3.54,2.99,93.81
2018,5,9,30.3,26.23,81.69,1.77,4.72,3.27,97.31
2018,5,10,30.18,25.22,80.5,0.49,4.93,3.78,101.12
2018,5,11,30.09,25.43,81.94,0.51,5.09,3.43,97.19
2018,5,12,30.69,25.68,81,0.08,4.3,3.32,91.81
2018,5,13,30.05,26.08,81,0.09,4.29,2.37,96.44
2018,5,14,30.63,25.64,81.44,0.05,4.13,2.63,97.5
2018,5,15,30.23,26.07,84.12,1.61,4.63,2.31,99.88
2018,5,16,29.59,26.64,87.88,2.71,5.34,3.07,90.06
2018,5,17,28.88,26.53,87.69,4.47,4.62,2.35,86.38
2018,5,18,29.32,26.21,86.94,3.36,5.36,2.13,84.38
2018,5,19,29.29,26.05,85.31,3.21,3.66,2.1,83.88
2018,5,20,29.84,25.77,83.75,3.23,4.05,2.04,79.12
2018,5,21,29.36,25.94,85.44,3.02,4.25,2.09,81.56
2018,5,22,29.9,26.44,86.75,5.72,5.4,3.52,92.94
2018,5,23,29.48,26.8,88.12,12.5,5.69,3.34,96.56
2018,5,24,28.84,26.31,87.75,4.22,4.55,2.81,94.38
2018,5,25,29.75,25.8,85.44,6.01,3.96,2.2,101.12
2018,5,26,29.67,26.26,86.31,1.66,3.92,2.86,78.75
2018,5,27,29.4,26.52,83.94,2.57,3.94,0.2,90.56
2018,5,28,30.29,26.76,77.31,0.94,2.84,0.21,109.69
2018,5,29,30.31,25.89,79.25,0.03,2.82,1.98,91.62
2018,5,30,30.48,26.13,76.75,0.18,2.82,0.41,100.69
2018,5,31,31.09,26.8,75.94,1.01,3.01,0.51,217.75
2018,6,1,30.19,26.13,75.81,0.25,1.59,0.46,253.75
2018,6,2,29.33,26,80.81,0.18,4.38,1.86,63.88
2018,6,3,29.94,25.72,82.12,0.13,4.09,2.48,81.56
2018,6,4,29.9,25.89,82.94,0.18,3.53,2.53,81.12
2018,6,5,29.96,25.83,85,0.39,3.27,2.42,83.88
2018,6,6,29.88,26.3,84.06,0.47,2.89,1.69,69.25
2018,6,7,29.8,25.91,84.38,0.39,3.02,1.11,68.31
2018,6,8,29.53,26.19,81.69,2.06,2.91,0.4,53.12
2018,6,9,30.42,26.24,80.12,0.72,3.54,0.7,86.44
2018,6,10,30.44,26.73,79.81,0.13,3.26,0.98,81.19
2018,6,11,30.48,25.88,79.5,1.06,3.55,0.84,90.44
2018,6,12,29.73,26.83,80.12,2.56,2.63,0.49,98.25
2018,6,13,30.32,26.17,80.88,0.79,3.37,2.45,100.38
2018,6,14,30.39,25.65,77.38,0.11,4.3,1.19,100.81
2018,6,15,30.55,26.58,75.56,1.67,2.08,1.41,84.5
2018,6,16,30.04,25.8,81,0.27,5.37,2.27,98.69
2018,6,17,29.72,25.73,82.94,0.47,6.14,3.45,96.38
2018,6,18,29.89,25.41,82.94,0.17,6.3,4.05,96.5
2018,6,19,30.53,24.82,77.88,0.08,4.71,2.52,104.5
2018,6,20,30.15,25.53,81.5,1.36,6.37,2.81,105
2018,6,21,29.33,26.29,85.06,3.66,7.35,3.79,93.88
2018,6,22,29.87,25.83,82.94,3.74,3.85,3.23,93.25
2018,6,23,28.48,25.99,86.56,7.93,4.24,2.64,94.31
2018,6,24,28.31,25.86,85,9.81,3.17,1.55,80.31
2018,6,25,26.94,25.03,84.06,9.24,2.74,0.38,294.38
2018,6,26,28.11,24.7,82.62,9.46,2.51,0.48,148.44
2018,6,27,29.04,24.37,80.88,0.7,3.74,2.08,104.06
2018,6,28,28.85,24.95,82,0.62,4.18,1.58,96.62
2018,6,29,28.53,24.87,79.38,0.49,3.3,1.04,94.19
2018,6,30,29.39,24.08,78.25,0.05,2.45,1.14,113.69
2018,7,1,29.37,24.74,80.81,0.11,3.55,2.51,91
2018,7,2,29.44,24.47,81.56,0.06,3.41,2.19,91.5
2018,7,3,29.28,24.01,77.12,0.01,3.02,0.77,95.38
2018,7,4,29.87,24.38,70.25,0.01,3.09,1.08,112
2018,7,5,29.8,24.12,73.56,0.08,4.8,3.08,122
2018,7,6,29.44,22.31,69.31,0.01,5.45,2.41,107.12
2018,7,7,28.99,22.36,74.31,0,4.96,2.55,100.88
2018,7,8,29.47,23.54,76.19,0.01,4.28,0.7,97
2018,7,9,29.79,24.58,77.75,0.04,4.12,1.23,95.25
2018,7,10,30.08,24.58,77.19,0.07,3.81,1.21,81.19
2018,7,11,29.8,25.32,75.38,0,3.84,0.16,117.81
2018,7,12,29.05,23.32,74.5,0,4.48,2.79,107.25
2018,7,13,29.53,23.32,72.38,0,4,0.7,101.75
2018,7,14,29.29,24.55,71.88,0,2.84,0.48,135.56
2018,7,15,30.13,24.13,70.31,0,3.52,0.11,192.94
2018,7,16,29.26,24.91,74.56,0.05,3.2,1.77,87.44
2018,7,17,28.92,23.94,76.19,0.01,3.63,1.88,94.38
2018,7,18,29.63,23.89,77.38,0,2.77,1.71,85.69
2018,7,19,29.3,24.48,80.25,0.01,5.28,2.58,92.44
2018,7,20,29.39,24.4,82,0.06,4.12,2.14,91.81
2018,7,21,29.44,24.87,81.81,0.8,3.05,1.72,93.12
2018,7,22,29.9,25.41,80.25,0.38,3.06,1.26,83.12
2018,7,23,29.91,24.8,77.94,0.3,3.08,0.96,85.56
2018,7,24,29.87,25.23,78.56,0.04,3.88,0.38,87.5
2018,7,25,29.35,25.3,80.31,0.69,2.9,1.35,72.25
2018,7,26,29.62,24.62,77.62,0.28,3.89,1.48,74.5
2018,7,27,29.55,23.31,73.12,0.01,3.55,1.79,99.62
2018,7,28,29.26,22.64,72.38,0,3.73,0.12,114.44
2018,7,29,29.05,24.43,71.31,0.01,2.74,0.95,97.88
2018,7,30,28.79,23.3,75.56,0,2.7,1.73,103.31
2018,7,31,29.65,23.17,76.56,0,3.46,1.62,99.75
2018,8,1,29.77,23.83,79.69,0.16,3.65,0.55,78
2018,8,2,29.92,24.02,73.31,0.24,3.7,0.16,110
2018,8,3,29.28,22.89,71.94,0,5.04,2.74,117.81
2018,8,4,28.84,22.23,68.75,0,4.74,1.27,111.44
2018,8,5,29.34,22.74,68.69,0,4.02,0.2,111.56
2018,8,6,28.82,22.47,69.75,0,4.33,0.93,92.31
2018,8,7,29.04,23.91,72.56,0,3.27,1.83,97.25
2018,8,8,29.53,24.4,76.69,0,4.25,2.16,98.25
2018,8,9,29.68,24.58,78.44,1.38,2.48,0.24,85.56
2018,8,10,29.82,24.55,77.5,5.14,3.13,0.33,91.62
2018,8,11,29.74,24.63,77.31,2.6,3.38,1.24,86.62
2018,8,12,29.73,24.81,79.44,1.07,3.83,1.65,96.5
2018,8,13,29.89,24.62,81.12,1.4,4.1,2.48,82.75
2018,8,14,30.11,24.87,79.38,0.38,4.38,2.12,90.94
2018,8,15,29.98,24.02,76.31,0,4.34,2.54,98.75
2018,8,16,29.6,23.33,75.38,0,3.8,1.66,86.19
2018,8,17,29.86,23.75,73.81,0,2.96,0.6,72.88
2018,8,18,29.15,24.37,72.06,0,3.81,1.16,86.38
2018,8,19,29.79,22.65,74.81,0,4.46,3.06,96.81
2018,8,20,29.76,23.36,78.25,0,5.4,1.89,93.31
2018,8,21,30.23,24.07,76.75,0,3.63,1.09,94.75
2018,8,22,30.39,24.7,75.5,0,3.69,0.66,112.19
2018,8,23,30.23,25.48,74.5,0.02,2.64,0.26,76.38
2018,8,24,29.87,25.74,74.19,0.04,4.14,0.48,73.38
2018,8,25,30.03,24.44,76.25,0,4.41,2.7,90.31
2018,8,26,29.77,24.26,75.62,0,4.02,1.34,93.12
2018,8,27,30.43,25.02,76.44,0.04,4.43,1.27,88.56
2018,8,28,30.57,24.78,77.75,0.07,3.49,0.36,116.06
2018,8,29,30.29,25.43,76.88,0.49,3.88,0.55,87.19
2018,8,30,30.49,24.97,78.5,1.33,4.59,2.3,94.31
2018,8,31,30.19,24.86,77.81,2.28,3.32,1.77,86.88
2018,9,1,29.47,25.05,79.5,3.26,2.88,1.05,70.75
2018,9,2,30.1,25.58,77.75,6.49,2.59,0.27,176.31
2018,9,3,30.66,25.26,77.88,12.54,3.09,0.16,229.19
2018,9,4,30.56,24.32,69.81,0.58,3.62,0.03,99.69
2018,9,5,30.44,24.01,69.25,0.08,2.66,0.33,116.81
2018,9,6,30.63,24.79,76.88,0.52,4.98,1.72,103.19
2018,9,7,30.35,25.27,77.88,3.14,4.82,2.08,95.75
2018,9,8,30.83,25.37,76.38,1.52,4.27,2.28,92.12
2018,9,9,31.05,24.93,75.56,0.01,4.62,2.83,85.31
2018,9,10,31.39,24.64,73.94,0.05,5.72,2.2,98.12
2018,9,11,30.83,25.61,75.38,0.16,5.1,1.71,82.12
2018,9,12,30.69,24.94,71.31,0.04,2.84,0.77,138.94
2018,9,13,31.38,24.94,69.12,0,3.93,0.37,79.5
2018,9,14,30.87,25.05,69.75,0,3.12,0.77,151.25
2018,9,15,30.51,24.6,71.12,0,3.85,0.98,66.69
2018,9,16,30.98,24.66,69.25,0,5.05,2.7,92.81
2018,9,17,31.72,23.67,71.38,0,5.94,1.69,99.94
2018,9,18,31.55,24.15,73.12,0.5,4.07,1.69,104.38
2018,9,19,30.11,25.1,76.12,2.77,3.41,1.7,99.75
2018,9,20,29.84,25.47,78.94,4.86,4.12,2,72.31
2018,9,21,30.81,25.3,76.12,4.07,3.76,2.56,85.12
2018,9,22,31.19,24.69,74.69,1.54,3.4,1.19,71.44
2018,9,23,31.3,25.56,76.31,5.04,4.62,1.17,78.44
2018,9,24,31.37,24.11,73.75,0.16,4.64,2,99
2018,9,25,31.59,24.77,71.38,0.57,4.38,1.71,99.12
2018,9,26,31.49,24.83,72.88,1.93,3.44,0.88,80.94
2018,9,27,31.7,25.85,72.69,4.89,4.2,0.84,81.12
2018,9,28,31.51,25.9,70.25,0.68,5.15,1.11,86.88
2018,9,29,31.63,24.37,70.69,0,4.34,1.59,95.25
2018,9,30,31.77,25.23,72.56,0.03,4.95,2.15,92.88
2018,10,1,32.19,25.75,74.12,0.01,5.23,1.91,88.62
2018,10,2,32.37,25.84,73.75,0.02,5.01,1.77,73.69
2018,10,3,32.23,25.88,76,1.22,4.22,2.08,76.12
2018,10,4,32.3,25.95,75.5,0.89,5.18,2.65,82.19
2018,10,5,32.17,25.87,73.12,0.12,5.75,2.31,90.06
2018,10,6,32.61,26.04,72.19,0.09,4.79,1.8,83.62
2018,10,7,32.95,26.27,71.56,0.19,6.87,1.3,89.94
2018,10,8,32.73,25.79,69.56,0.01,6.01,2.65,89.88
2018,10,9,32.33,25.55,70.62,0,4.65,1.92,95.94
2018,10,10,32.52,26.32,71.06,0.02,4.16,1.1,68.5
2018,10,11,32.87,26.76,71,0.01,5.34,0.96,73.75
2018,10,12,31.46,26.47,73.75,0.01,4.31,0.62,77.19
2018,10,13,30.24,26.69,74.88,1.08,3.59,0.77,222.94
2018,10,14,30.8,26.87,75.5,2.11,4.8,0.84,82.75
2018,10,15,31.76,26.32,74.19,1.16,4.33,1.06,66.75
2018,10,16,32.01,25.98,72.06,0.88,3.74,0.76,74.94
2018,10,17,32.75,26.53,68.88,0.11,3.86,0.62,110.25
2018,10,18,31.82,25.9,72.75,10.61,3.2,0.87,176.38
2018,10,19,29.28,26.51,78.69,7.75,3.6,0.29,135.25
2018,10,20,31.3,26,74.12,3.45,3.1,0.19,166.06
2018,10,21,32.43,26.51,72.69,0.96,5.71,1.09,84.75
2018,10,22,31.59,26.07,76.62,9.67,3.69,1.69,68.94
2018,10,23,29.16,26.54,79.44,16.32,2.08,0.08,135.75
2018,10,24,29.93,26.3,77.75,1.88,2.01,1.02,211.56
2018,10,25,31.05,25.26,77.19,1.99,3.02,0.85,76.12
2018,10,26,30.7,26.73,76,2.08,3.89,0.41,70.06
2018,10,27,30.87,26.46,80.12,10.03,3.94,2.12,122.56
2018,10,28,29.99,26.58,80.5,17.03,3.44,0.75,139.19
2018,10,29,30.54,26.13,77.69,3.99,4.85,0.54,160.62
2018,10,30,29.92,26.9,74.44,3.63,3.3,0.78,111.56
2018,10,31,31.11,26.75,75.5,4.63,4.31,0.36,103.5
2018,11,1,31.29,26.83,76.19,8.34,3.68,1.87,52.88
2018,11,2,30.93,26.16,79.12,6.54,5.59,1.57,83.56
2018,11,3,29.84,26.67,78.88,4.06,3.9,0.59,96.38
2018,11,4,30.72,27.26,75.06,1.73,2.8,0.35,83.19
2018,11,5,31.15,27.4,75.19,1.51,2.66,0.27,191.06
2018,11,6,29.23,26.84,83.5,12.78,3.66,0.81,243.12
2018,11,7,28.94,26.61,84.31,9.34,3.06,1,159.38
2018,11,8,29.05,26.23,81.25,5.35,1.99,0.57,100.56
2018,11,9,29.91,26.4,77.38,6.74,2.41,1.54,67.81
2018,11,10,31.07,26.42,75.38,5.43,3.61,0.05,82.06
2018,11,11,29.91,26.98,78.31,15.14,3.22,0.63,154
2018,11,12,29.92,26.51,77.69,2.69,2.91,0.68,110.19
2018,11,13,29.68,26.08,79.12,5.25,2.94,1.09,265.06
2018,11,14,31.18,25.9,78,1.54,5.25,2.89,234.19
2018,11,15,32.93,25.92,74.38,2.64,5.51,2.9,215.19
2018,11,16,33.65,25.88,70.06,0.37,5.2,0.41,238.75
2018,11,17,31.05,26.3,79.12,2.75,4.8,1.31,109
2018,11,18,29.4,27.62,81.25,7.24,2.41,0.73,167.81
2018,11,19,29.67,26.73,81.81,6.28,3.3,1.06,257.31
2018,11,20,30.33,26.7,78.69,4.56,2.24,0.68,245
2018,11,21,30.67,26.79,77.88,8.19,3.36,0.27,262.81
2018,11,22,29.51,26.25,81.38,8.58,3.14,0.48,197.31
2018,11,23,29.8,25.73,78.44,9.03,3.09,1.36,163.06
2018,11,24,29.65,26.73,77.19,7.17,2.96,0.47,237.88
2018,11,25,29.62,25.83,78.31,2.95,3.15,1.2,247
2018,11,26,28.82,25.87,82.12,15.26,3.67,1.55,105.94
2018,11,27,28.54,26.05,82.44,4.27,2.99,0.59,145.75
2018,11,28,28.92,26.11,80.75,5.36,3.41,0.36,124.88
2018,11,29,29.66,26.92,79.81,3.48,3.08,0.91,155.56
2018,11,30,29.33,26.05,80.25,3.53,2.65,0.9,135.69
2018,12,1,29.54,25.84,79.75,4.12,4.73,1.41,243.94
2018,12,2,29.56,26.41,80.06,2.98,2.59,1.28,115.56
2018,12,3,29.02,26.3,81.62,6.08,2.09,0.77,88.38
2018,12,4,29.05,26.56,84,17.39,3.03,1.81,80.06
2018,12,5,29.74,26.02,81.31,3.62,3.47,0.1,130.62
2018,12,6,29.12,26.66,81.06,3.01,3.45,0.23,96.06
2018,12,7,30.05,26.75,76.88,2.14,2.57,0.49,220.5
2018,12,8,30.33,26.59,77.56,1.45,3.3,0.72,247.12
2018,12,9,30.57,25.87,76.62,1.39,2.28,0.75,108.44
2018,12,10,30.77,27.07,74.56,2.51,2.55,0.11,180.25
2018,12,11,30.69,27.33,77.44,2.84,2.04,0.29,309.81
2018,12,12,29.23,26.9,86.06,11.29,3.83,1.82,301.94
2018,12,13,30.39,26.22,81.38,5.07,3.95,0.76,288.19
2018,12,14,29.99,26.12,82.5,19.04,4.8,0.7,273.12
2018,12,15,28.73,25.8,84.62,14.59,5.7,3.89,251.56
2018,12,16,32.03,26.16,77.44,3.32,6.14,4.24,222.56
2018,12,17,31.17,25.67,75.25,1.18,4.05,0.31,228.75
2018,12,18,30.69,26.14,77.94,30.85,4.05,0.84,217.5
2018,12,19,31.24,25.57,77.62,2.92,3.89,1.23,236.5
2018,12,20,30.26,25.67,78.12,1.27,4.8,2.38,247.81
2018,12,21,30.49,24.87,78.44,0.84,4.59,2.56,267.19
2018,12,22,28.83,25.58,82.12,4.13,3.32,1.38,273.31
2018,12,23,29.24,25.5,83.81,11.85,5.75,2.55,250.06
2018,12,24,29.3,25.76,83.19,14.61,5.8,4.65,248.75
2018,12,25,29.07,25.44,83.75,5.48,5.89,4.58,253.31
2018,12,26,29.02,25.11,84.25,4.24,6.16,2.88,254.19
2018,12,27,29.57,25.48,80.75,12.71,6.03,3.81,242.25
2018,12,28,30.08,25.04,82.06,2.7,7.83,4.92,242.56
2018,12,29,30.33,25.55,81.19,1.85,7.54,5.89,246.56
2018,12,30,30.05,26.12,83.12,2.65,7.34,4.92,247.88
2018,12,31,30.82,25.54,81.5,8.11,6.91,4.64,249.94
2019,1,1,28.45,25.49,86.38,18.66,6,3.98,257.88
2019,1,2,30.06,25.21,83.19,24.26,7.08,4.76,254.5
2019,1,3,30.55,25.28,80.62,5.68,6.35,4.89,242.06
2019,1,4,31.21,25.05,77.56,0.41,4.82,3.59,243.94
2019,1,5,30.91,25.19,76.06,1.87,3.96,0.89,277.56
2019,1,6,30.39,25.62,77,0.97,3.27,0.75,91.38
2019,1,7,30.62,25.93,78.94,1.78,3.53,1.19,49.69
2019,1,8,30.08,26.62,80.62,42.6,2.16,0.25,265.12
2019,1,9,29.63,25.93,83.06,7.02,3.77,0.83,275.62
2019,1,10,29.05,26.36,83.38,4.42,2.45,0.75,296.62
2019,1,11,29.34,26.15,83,8.08,2.95,0.91,308.69
2019,1,12,29.37,26.34,84.12,8.5,3.61,1.47,301.06
2019,1,13,29.65,26.74,85.38,19.59,5.24,2.06,316.38
2019,1,14,28.4,26.26,84.56,17.61,5.45,2.27,315.88
2019,1,15,29.3,25.28,84.81,10.1,5.47,2.52,278.56
2019,1,16,27.83,26.02,88.12,11.5,6.39,2.65,278.44
2019,1,17,29.32,25.53,85.25,7.35,5.14,2.17,260.06
2019,1,18,29.5,25.62,85.06,5.2,4.86,2.69,253.62
2019,1,19,28.23,25.98,86.81,20.07,7.2,2.04,277.19
2019,1,20,29.34,26.27,83.44,6.12,6.43,1.37,304.94
2019,1,21,28.08,25.9,85.62,14.64,6.73,0.89,271.56
2019,1,22,27.32,25.65,89.06,32.54,6.52,3.28,302.56
2019,1,23,28.77,25.6,83.38,9.32,6.17,2.41,312.62
2019,1,24,28.95,26,85.75,18.91,6.01,2.65,311
2019,1,25,27.19,25.48,88.44,26.87,5.98,1.7,295.44
2019,1,26,28.91,25.23,82.94,11.93,6.15,0.79,293.94
2019,1,27,28.3,25.29,86.94,19.31,6.81,1.15,290.62
2019,1,28,29.01,25.82,85.19,8.83,6.97,2.5,308.69
2019,1,29,28.26,25.92,87.75,25.77,5.65,2.1,324.62
2019,1,30,28.91,25.9,86,22.96,5.12,2.45,304.12
2019,1,31,29.29,25.12,83.44,6.96,4.74,1.56,277.12
2019,2,1,28.69,25.46,85.88,22.52,4.8,1.3,308.94
2019,2,2,28.8,25.44,83.44,6,2.6,0.67,302.81
2019,2,3,30.44,25.77,81.31,5.31,4.13,0.7,280.44
2019,2,4,29.65,25.87,83.06,11.61,5,2.39,265.5
2019,2,5,30.23,25.99,81.94,4.38,5.29,2.81,278.88
2019,2,6,29.23,25.61,85.25,34.1,4.2,1.66,277.31
2019,2,7,29.9,25.13,82.56,5.71,3.64,1.3,263.44
2019,2,8,29.81,25.66,81.81,6.58,3.16,1.52,276.75
2019,2,9,29.73,25.61,81.44,9.68,2.94,1.28,256
2019,2,10,29,25.79,84.44,6.49,3.98,0.84,270
2019,2,11,29.7,25.62,83.94,20.67,3.37,2.21,285.69
2019,2,12,29.37,25.5,83.44,11.08,2.87,1.82,310.31
2019,2,13,28.68,25.99,85.38,3.92,3.48,0.34,260.75
2019,2,14,29.98,25.82,81.62,3.77,3.7,0.17,236.69
2019,2,15,28.98,26.37,84.62,13.89,3.98,0.75,74.25
2019,2,16,29.69,26.05,84.5,22.03,3.88,1.39,205.5
2019,2,17,29.41,25.95,81.31,6.72,2.56,0.88,289.25
2019,2,18,29.65,25.39,77.75,1.57,2.06,0.54,226.81
2019,2,19,30.22,26.4,78.5,1.46,3.71,0.44,58.69
2019,2,20,29.76,26.37,82.62,10.91,2.71,1.98,24
2019,2,21,29.88,26.49,81.31,4.14,4.26,0.17,31.19
2019,2,22,29.86,26.59,82.06,7.13,4.54,0.14,213
2019,2,23,30.72,25.43,78.94,15.05,3.12,0.39,258.94
2019,2,24,29.45,26.28,82.25,6.95,3.99,1.12,97.5
2019,2,25,30.68,26.29,78.75,3.05,3.27,0.25,137.75
2019,2,26,29.57,26.47,84.69,2.14,4.57,1.84,63.94
2019,2,27,30.84,26.54,81.38,2.19,4.98,1.15,69.81
2019,2,28,30.72,26.47,80.38,1.95,4.48,0.22,103.75
2019,3,1,29.76,26.37,80.88,2.74,3.84,0.55,337.44
2019,3,2,28.19,26.23,85.75,10.76,4.66,0.41,231.75
2019,3,3,29.69,26.28,80.25,13.05,3.11,0.23,255.44
2019,3,4,30.82,25.53,77.06,26.23,2.96,0.73,137.25
2019,3,5,28.69,26.3,84.81,20.66,3.59,0.98,270.69
2019,3,6,27.86,25.4,86.62,13.17,3.64,0.97,226.62
2019,3,7,29.19,25.21,75.5,1.09,2.49,0.45,147.81
2019,3,8,30.62,25.93,75.88,2.85,2.43,0.88,100.19
2019,3,9,30.98,26.15,73.56,7.01,3.21,0.66,249.38
2019,3,10,31.26,25.82,77.69,0.64,4.52,1.49,213.81
2019,3,11,29.33,25.19,83.88,2.17,4.12,1.93,259.12
2019,3,12,28.12,25.38,89.44,10.57,5.06,1.72,302.56
2019,3,13,29.48,25.98,81.69,7.6,3.5,0.93,234.12
2019,3,14,30.26,26.46,78.25,3.07,2.8,0.1,234.25
2019,3,15,30.83,25.91,81.25,5.73,3.84,2.27,255.19
2019,3,16,30.31,25.9,80.94,10.66,4.05,3.42,239.75
2019,3,17,30.3,25.46,79.25,5.63,3.7,2.15,238.06
2019,3,18,30.08,24.6,81.88,6.97,3.51,2.45,247
2019,3,19,29.7,25.94,83.81,7.95,4.66,3.48,250.88
2019,3,20,30.01,25.3,82.94,8.88,4.55,2.79,262.88
2019,3,21,30.19,25.33,83.5,2.07,3.61,2.52,258
2019,3,22,28.39,25.64,87.44,9.35,5.82,2.73,256.31
2019,3,23,28.9,26.28,86.19,9.26,6.35,3.84,256.38
2019,3,24,29.77,25.86,85.88,6.48,5.17,3.44,256.62
2019,3,25,29.97,25.19,84,3.68,4.66,2.49,250.25
2019,3,26,29.69,25.4,84.06,6.81,3.23,0.81,267.62
2019,3,27,30.08,26.29,82.81,8.84,2.51,0.92,288.06
2019,3,28,29.83,25.8,81.38,22.21,4.09,2.12,248.81
2019,3,29,30.73,25.47,80.38,1.71,3.8,0.55,159.19
2019,3,30,30.52,26.51,77.88,5.94,1.55,0.64,152
2019,3,31,30.09,26.08,79.44,6.27,3.13,0.18,265.62
2019,4,1,29.6,26.84,83.19,44.1,4.93,1.03,259.44
2019,4,2,30.24,25.97,83.5,23.5,4.02,1.09,260.69
2019,4,3,30.16,25.56,79.88,7.99,3.24,1.48,96.75
2019,4,4,29.8,26.55,80.38,6.57,3.65,1.22,57.06
2019,4,5,29.9,26.8,81.25,2.68,3.79,0.91,72.12
2019,4,6,30.46,26.08,80.56,4.42,2.65,1,261.5
2019,4,7,30.91,25.81,80.94,9.26,3.14,0.56,216.06
2019,4,8,29.55,26.42,83.19,11.37,2.3,0.27,258.81
2019,4,9,30.31,26.68,82.69,7.83,3.6,0.23,257.12
2019,4,10,31.04,26.33,81.56,1.76,3.83,0.7,267.5
2019,4,11,30.47,26.37,82.94,1.68,3.72,3.2,244.75
2019,4,12,30.33,26.33,82.69,2.69,3.35,1.89,239.38
2019,4,13,30.23,25.99,82.31,5.06,2.54,0.91,234.62
2019,4,14,31.05,26.81,81.31,5.56,3.46,0.46,101.25
2019,4,15,30.84,26.96,78.75,6.23,3.25,0.95,69.12
2019,4,16,28.94,27.02,84.94,5.77,3.29,0.34,228.88
2019,4,17,30.22,26.58,81.94,1.84,2.63,0.68,156.06
2019,4,18,30.63,26.65,81.12,2.19,3.31,0.77,75.88
2019,4,19,30.41,27.21,81.94,7.18,2.51,0.95,87.06
2019,4,20,29.77,26.96,82.81,1.28,2.76,1.23,81.06
2019,4,21,29.99,27.06,85.38,3.81,5.54,2.69,85.69
2019,4,22,30.75,27.06,83,2.1,4.27,1.22,106.81
2019,4,23,30.48,26.16,84.12,12.55,4.48,2.18,92.5
2019,4,24,30.31,26.94,82.06,15.3,3.16,0.23,86.38
2019,4,25,30.98,26.37,80.19,2.89,3.2,2.43,83.25
2019,4,26,30.17,26.65,85,13.75,3.3,1.6,124.5
2019,4,27,29.69,26.9,85.69,3.57,3.96,0.52,202.12
2019,4,28,28.59,27.03,86.62,10.49,5.3,2.48,228.25
2019,4,29,29.48,26.93,86.19,3.82,4.66,1.83,204.94
2019,4,30,28.53,26.48,89.06,25.68,4.5,1.81,210.88
2019,5,1,29.62,26.28,86.75,25.16,5.73,3.11,264.06
2019,5,2,31.26,26.31,80.81,2.03,4.73,1.74,232.19
2019,5,3,29.79,26.19,84.62,4.29,3.83,1.13,97.88
2019,5,4,29.42,26.87,85.31,9.36,3.23,0.99,70.62
2019,5,5,28.85,26.55,83.75,19.49,2.76,1.03,149.62
2019,5,6,29.62,25.86,81.69,4.77,2.99,0.12,76.69
2019,5,7,30.61,26.22,78.81,1.12,2.71,0.98,92.5
2019,5,8,30.78,27.35,78.12,2.97,2.64,0.47,189.25
2019,5,9,30.43,26.24,78.25,23.82,4.23,0.36,63.94
2019,5,10,30.08,26.85,80.5,6.86,3.81,0.56,83.62
2019,5,11,29.98,26.45,85.06,5.93,4.5,3.23,89.19
2019,5,12,30.25,26.63,82.88,8.13,4.43,1.81,95.06
2019,5,13,30.13,26.75,83.19,3.83,4.72,2.55,92.44
2019,5,14,29.76,26.87,85.38,2.55,5.38,2.77,98.19
2019,5,15,30.01,26.76,85.69,6.69,4.77,2.38,90.25
2019,5,16,28.83,26.7,83,15.26,2.65,0.48,122.75
2019,5,17,29.63,26.56,78,2.31,2.16,0.34,116.38
2019,5,18,30.3,26.87,73.12,0.3,3.38,0.41,82.81
2019,5,19,30.14,25.48,79.75,1.3,3.83,2.53,100.62
2019,5,20,30.05,26.36,82.75,2.79,4.1,2.91,93.75
2019,5,21,30.22,26.52,83.25,1.52,4.3,2.26,97.88
2019,5,22,30.46,26.46,83.75,0.49,4.35,2.7,89.12
2019,5,23,30.37,26.14,80.75,0.16,3.89,2.91,95.5
2019,5,24,29.8,25.84,82.75,1.72,6.23,3.38,102.81
2019,5,25,30.19,25.49,80.31,0.19,3.52,2.84,103.44
2019,5,26,30.19,25.45,77.56,0.11,3.55,2.94,109.5
2019,5,27,30.05,25.3,83.56,1.74,4.85,3.15,102.19
2019,5,28,30.33,26.28,85.44,3.43,6.28,3.7,98.31
2019,5,29,30.83,25.98,82.75,2.7,5.05,3.51,100.06
2019,5,30,30.26,26.05,83.62,5.68,4.82,3.34,95.75
2019,5,31,30.39,25.9,80,0.85,3.8,2.95,100
2019,6,1,30.04,25.7,77.88,0.75,3.95,2,95.44
2019,6,2,30.68,25.43,76.12,0.62,2.98,0.55,97.12
2019,6,3,29.96,25.62,75.56,0.64,3.2,0.83,79.38
2019,6,4,30.23,25.45,80.25,0.47,4.03,1.61,99.62
2019,6,5,30.67,25.95,83.06,0.79,4.05,3.03,91.25
2019,6,6,30.22,25.88,84.62,1.78,4.03,2.71,88.5
2019,6,7,29.73,26.9,84.88,8.89,3.61,1.37,79.94
2019,6,8,29.65,26.5,82.19,9.27,2.54,0.38,200.06
2019,6,9,29.33,26.05,81.06,1.08,3.4,0.65,103.25
2019,6,10,29.72,24.95,77.38,0.24,3.27,2.13,110.69
2019,6,11,30.74,25.69,78.25,0.69,3.41,2.12,104.31
2019,6,12,30.33,25.49,78.75,0.15,3.34,1.85,107.62
2019,6,13,30.08,26.01,81.69,0.34,3.85,1.73,98.38
2019,6,14,30.05,26.66,82.06,3.27,2.59,1.38,86.31
2019,6,15,29.9,26.9,81.19,2.78,3.27,0.63,93.19
2019,6,16,29.96,26.41,83.69,3.49,3.84,2.72,93.25
2019,6,17,29.48,25.37,80.25,0.35,5.45,3.9,101.44
2019,6,18,29.37,24.08,81.94,0.18,5.62,3.59,108.12
2019,6,19,29.57,23.68,78.81,0.01,3.91,2.77,109.12
2019,6,20,29.04,24.12,78.81,0,4.25,2.95,100.69
2019,6,21,29.19,23.63,78.12,0,3.59,2.52,103.31
2019,6,22,28.67,24.31,77.38,0.01,3.3,1.4,96.44
2019,6,23,28.8,25.61,72.69,0.01,3.21,0.63,100.88
2019,6,24,29.13,24.67,78.12,0.09,3.98,1.65,95.62
2019,6,25,29.1,24.44,80.88,0.04,5.42,3.95,102.81
2019,6,26,29.55,23.63,79.12,0.02,4.09,1.76,105.31
2019,6,27,29.98,24.15,76.69,0.11,3.27,1.26,99.06
2019,6,28,29.43,24.94,76.75,0.01,3.87,1.48,105.38
2019,6,29,29.11,23.87,77.31,0.01,5.55,3.33,97.44
2019,6,30,29.37,24.3,76.56,0.13,4.65,2.96,95.56
2019,7,1,29.15,23.94,78.12,0.04,4.02,2.28,97.88
2019,7,2,29.36,24.87,78,0.12,3.45,2.12,98.75
2019,7,3,29.5,24.48,81.31,0.12,3.74,2.43,91.81
2019,7,4,29.57,25.17,85.12,2.07,4.05,2.3,95.38
2019,7,5,29.96,25.29,82.62,6.45,4.59,2.64,98.31
2019,7,6,29.38,25.27,84.56,3.92,5.17,3.2,95.62
2019,7,7,29.87,25.16,84,1.75,6.38,3.31,96.94
2019,7,8,29.3,24.96,83.69,2.68,5.86,3.51,93.12
2019,7,9,29.27,24.62,79.94,0.8,4.58,2.32,93.25
2019,7,10,28.77,23.69,79.12,0.03,6.21,4.23,98.81
2019,7,11,28.87,23.56,81.44,0,5.57,3.81,102.31
2019,7,12,29.24,23.61,78.56,0,4.45,1.75,107.81
2019,7,13,29.69,24.09,75.5,0,3.45,2.3,98.75
2019,7,14,29.14,23.77,78.19,0,4,2.52,101.44
2019,7,15,28.7,23.1,74.56,0,5.23,3.34,96.25
2019,7,16,29.14,22.69,73.38,0,4.77,2.03,105.38
2019,7,17,28.3,22.15,75.56,0.01,4.57,3.11,108.06
2019,7,18,28.92,22.99,77.06,0.02,5.1,3.79,104.38
2019,7,19,29.13,24.01,80.56,0.31,4.23,3.02,106.56
2019,7,20,30.25,24.66,79.94,0.15,4.5,2.41,104.94
2019,7,21,29.96,24.98,81.25,0.27,3.45,2.02,91.62
2019,7,22,29.69,25.14,80.69,0.05,4.47,1.93,96.19
2019,7,23,29.05,23.5,81.25,0.07,5.31,2.95,95.88
2019,7,24,29.41,23.66,77.62,0.05,4.03,1.53,95.75
2019,7,25,29.05,24.36,79.06,0.04,4.42,1.91,88.88
2019,7,26,29.25,23.5,81.19,0.11,4.91,3.04,94.56
2019,7,27,28.98,23.94,80.88,0.24,3.54,2.44,101.12
2019,7,28,29.89,24.23,78.88,0.14,3.36,1.74,80.88
2019,7,29,29.48,24.45,76.44,0.08,2.94,1.88,87
2019,7,30,29.33,22.82,74,0.01,3.93,1.8,92.38
2019,7,31,29.73,23.92,74.19,0.02,4.95,1.76,109.12
2019,8,1,29.15,22.72,75.12,0.11,4.35,1.73,91.25
2019,8,2,29.8,23.54,78.12,0.23,4.52,1.63,99.69
2019,8,3,29.66,23.48,77.25,0.08,4.05,2.8,102.69
2019,8,4,29.3,22.84,74,0.04,5.72,2.7,106.44
2019,8,5,28.9,22.23,71.19,0,4.71,0.41,145.12
2019,8,6,28.51,23.73,68.75,0,3.09,0.13,153.62
2019,8,7,28.83,24.71,66.69,0,2.88,0.26,98.5
2019,8,8,29.49,23.21,71.81,0,3.12,0.81,97.81
2019,8,9,29.52,24.08,74.88,0,3.88,0.82,89.62
2019,8,10,29.42,24.85,77.5,0,4.78,0.95,85.62
2019,8,11,29.56,23.9,78.56,0,4.02,2.31,96.12
2019,8,12,28.9,23.73,79.88,0,5.08,2.98,98.62
2019,8,13,29.48,23.37,81.12,0,5.11,3.18,97.69
2019,8,14,29.98,24.15,81.75,0.12,4.7,2.73,95.31
2019,8,15,30.12,24.36,79.88,0.72,3.59,0.95,92.56
2019,8,16,29.98,25.43,78.81,0.56,3.77,0.92,83.94
2019,8,17,29.51,24.37,74.75,0.31,3.98,1.45,97.56
2019,8,18,29.67,22.79,74.94,0.02,6.33,3.14,99.81
2019,8,19,29.99,22.52,70.44,0,3.95,0.53,92.38
2019,8,20,29.62,22.95,74.38,0,5.47,2.04,101.56
2019,8,21,30.24,23.37,79.75,0.01,6.62,3.71,96.31
2019,8,22,30.08,23.74,80.06,0.13,5.06,1.01,106.25
2019,8,23,29.55,24.51,75.38,0.02,4.35,0.97,93.06
2019,8,24,30.27,23.81,74.81,0.04,4.35,0.84,86
2019,8,25,30.09,24.1,73.62,0.05,3.23,0.19,113.69
2019,8,26,30.15,24.51,76,0.28,3.58,0.64,92.94
2019,8,27,30.26,24.67,79,1.57,3.52,1.04,94.56
2019,8,28,29.95,24.98,80.88,2.31,4.48,1.68,78.81
2019,8,29,29.84,24.88,79.88,0.69,5.56,1.19,95.19
2019,8,30,30.17,24.09,77.5,0.05,5.43,3.05,94.31
2019,8,31,29.99,22.84,75.56,0.12,5.72,3.49,95.69
2019,9,1,30.44,23.23,77.06,0.1,4.29,1.2,91.81
2019,9,2,30.72,25.26,75.81,0.04,4.13,1.14,80.69
2019,9,3,30.75,24.66,78.31,0.04,4.2,2.09,87.56
2019,9,4,30.99,24.93,77.19,0.04,4.02,1.69,78.69
2019,9,5,30.72,25.3,74.69,0.12,3.12,1.16,63.5
2019,9,6,30.92,24.67,72.25,0.05,4.05,1.65,79
2019,9,7,30.59,23.44,71.5,0.03,4.58,0.88,88.12
2019,9,8,30.67,24.35,72.81,0.03,4.86,1.2,91.88
2019,9,9,31.16,24.7,74.12,0.02,5.19,1.47,81.88
2019,9,10,31.49,24.92,74.69,0.31,5.22,2.55,84.94
2019,9,11,31.38,23.81,73.19,0.03,5.95,3.15,92.81
2019,9,12,31.14,23.38,71.06,0.01,3.58,2.27,83.75
2019,9,13,30.63,22.73,66.62,0.01,4.98,0.13,66.38
2019,9,14,30.4,24.11,67.88,0.13,4.49,0.18,140.06
2019,9,15,30.13,24.37,74.44,0.72,4.9,0.25,119.5
2019,9,16,30.57,24.41,78.25,0.45,5.94,2.87,85.19
2019,9,17,31.21,24.58,75.88,0.28,5.6,2.38,90.12
2019,9,18,31.37,24.24,76.19,0.18,4.18,2.41,80.81
2019,9,19,31.46,24.6,74.19,0.63,4.67,2.45,81.12
2019,9,20,31.08,23.26,67.88,0.15,5.27,2.24,89.56
2019,9,21,31.69,23.44,68.31,0.01,3.9,1.32,86.44
2019,9,22,31.49,24.33,71.31,0.02,5.18,1.75,92.25
2019,9,23,31.33,24.19,75.56,0.01,6.52,3.63,90.94
2019,9,24,31.94,24.37,74.19,0.02,6.11,2.71,92.62
2019,9,25,31.93,24.77,75.88,0.05,4.84,2.62,80.44
2019,9,26,32.16,25.35,73.38,0.25,5.13,1.62,77.81
2019,9,27,32.13,25.26,70.25,0.06,4.86,1.73,90.5
2019,9,28,32.01,25.81,72.62,0.06,5.43,2.39,85.06
2019,9,29,32.35,26.01,72.44,0.05,4.84,2.12,85.62
2019,9,30,32.52,25.48,71.19,0.02,5.45,1.59,87.81
2019,10,1,32.3,25.27,71.44,0.05,5.11,2.08,74.75
2019,10,2,32.37,25.59,70.25,0.11,5.76,1.87,77.75
2019,10,3,32.45,26.32,70.25,1.19,5.07,1.02,82.38
2019,10,4,32.61,25.83,72.31,2.01,6.09,1.64,83.81
2019,10,5,32.87,25.19,67.25,0.21,5.95,2.17,87.69
2019,10,6,32.7,24.85,65.19,0.05,4.98,0.7,90.88
2019,10,7,31.95,25.61,69.88,0.42,6.63,1.19,93.88
2019,10,8,32.56,25.3,72.81,8.64,4.55,1.56,71.88
2019,10,9,31.55,25.93,74.75,8.14,5.05,1,68.06
2019,10,10,30.12,26.03,76.69,17.39,3.49,0.39,75.81
2019,10,11,31.34,26.01,73.19,3.22,4.04,0.32,83.5
2019,10,12,30.66,25.75,77.31,7.09,3.71,1.1,104.69
2019,10,13,31.84,24.46,71.56,0.2,3.98,1.35,86.44
2019,10,14,31.98,25.76,70.56,0.1,4.01,1.06,68.62
2019,10,15,32.05,26.12,73.62,0.59,3.63,1,51.44
2019,10,16,31.93,26.42,73.31,0.64,3.66,0.7,80.44
2019,10,17,32.48,26.11,74.56,0.86,3.52,2.14,61.62
2019,10,18,32.24,26.16,74,0.47,4.48,1.38,52.88
2019,10,19,32.26,26.78,72.44,0.09,5.13,1.55,74
2019,10,20,32.97,26.78,74.12,0.03,6.43,1.92,80.94
2019,10,21,33.1,26,71.69,0,6.55,3.3,90.56
2019,10,22,34.15,25.84,68.38,0,6.73,1.69,94.56
2019,10,23,33.18,26.45,68.38,0.21,5.39,1.2,83.31
2019,10,24,33.01,26.46,70.38,0.48,4.55,0.66,116.31
2019,10,25,32.8,26.33,68.94,0.34,5.27,0.92,68.88
2019,10,26,32.15,26.63,73.25,1.76,4.59,0.67,59
2019,10,27,32.12,26.32,73.44,2.09,3.64,1.1,108.38
2019,10,28,31.87,26.62,72.06,4.42,4.12,0.71,142.25
2019,10,29,32.06,26.21,71.44,1.63,4.17,0.94,111.31
2019,10,30,32.61,26.78,66.88,0.52,3.73,0.21,107.69
2019,10,31,32.81,27.05,66.25,0.83,4.14,0.81,178.56
2019,11,1,31.34,26.42,74.62,7.73,3.97,0.23,101.88
2019,11,2,30.58,26.65,75.06,4.52,2.84,0.17,206
2019,11,3,31.14,26.11,74.25,3.85,3.61,0.32,134.19
2019,11,4,31.46,26.83,73.38,10.53,2.86,0.58,136.06
2019,11,5,31.19,26.33,77.12,18.54,4.01,0.55,127
2019,11,6,31,26.27,74.44,3.28,3.18,0.35,246.62
2019,11,7,31.96,24.91,72.19,0.81,4.41,0.98,134.94
2019,11,8,32.29,25.74,70.19,0.39,4.01,0.66,172.62
2019,11,9,32.98,25.11,68.88,0.71,4.34,1.39,152.75
2019,11,10,32.23,26.07,74,1.12,3.88,0.69,81.12
2019,11,11,32.5,27.24,72.56,5.08,3.23,0.3,89.5
2019,11,12,31.98,26.8,73,1.81,3.05,0.38,96.44
2019,11,13,31.34,26.82,78.69,4.17,6.15,1.88,91.69
2019,11,14,29.52,25.69,81,5.67,7.19,3.1,94.25
2019,11,15,32.3,25.15,67.31,1.25,4.14,0.72,140.94
2019,11,16,32.08,26.55,71.25,1.19,4.24,0.57,89.69
2019,11,17,32.87,26.09,70.31,0.26,4.7,1.32,91.25
2019,11,18,33.25,26.33,71.69,0.63,6.77,1.59,99
2019,11,19,32.11,26.48,73.5,1.6,5.35,0.98,72.75
2019,11,20,32.56,26.26,72,14.16,3.97,0.74,110.81
2019,11,21,29.09,26.86,80.56,19.62,4.02,0.41,176.38
2019,11,22,29.8,26.69,76.75,5.56,3.89,0.2,88.12
2019,11,23,30.88,27.01,74.94,1.65,2.7,0.9,98.5
2019,11,24,31.63,26.85,74,1.1,3.67,0.73,136.81
2019,11,25,30.76,27.06,75.44,3.38,3.47,0.41,194
2019,11,26,30.61,26.67,77.75,3.06,4.53,0.8,134.31
2019,11,27,31.19,27.11,76.12,2.16,3.76,0.7,60.06
2019,11,28,31.69,27.21,75.5,3.58,4.23,0.17,77.44
2019,11,29,31.79,26.98,77.94,8.63,4.33,0.53,54.62
2019,11,30,30.57,27.48,79.19,13.38,3.6,0.48,162.44
2019,12,1,31.68,27.36,74,8.39,3.82,0.3,135.56
2019,12,2,32.16,27.44,73.62,1.66,3.44,0.11,84.94
2019,12,3,31.8,27.18,74.06,1.07,3.89,0.25,284.88
2019,12,4,31.86,25.87,75,3.85,3.14,0.62,286.75
2019,12,5,31.12,26.63,79.88,7.27,3.88,1.17,309.44
2019,12,6,30.03,27.37,82.75,11.37,5.26,1.71,332.56
2019,12,7,30.42,26.69,81.62,5.87,4.8,0.45,321.5
2019,12,8,30.87,25.88,78,0.95,2.42,0.87,255.38
2019,12,9,30.86,26.81,76.56,1.73,2.99,0.27,206.06
2019,12,10,29.9,27.03,78.19,2.02,2.66,0.45,270.81
2019,12,11,29.94,26.48,79.75,2.94,2.82,0.41,98.69
2019,12,12,29.02,26.5,79.12,4.02,2.57,0.52,153.5
2019,12,13,31.07,26.05,73.06,2.77,3.07,0.56,149.06
2019,12,14,31.37,27.05,73.75,3.67,4.24,0.62,145
2019,12,15,30.98,26.09,76.25,3.22,3.13,0.36,303.69
2019,12,16,29.61,26.82,81.38,4.13,3.51,0.62,315.06
2019,12,17,28.62,26.15,84.25,15.55,3.39,1.82,277.88
2019,12,18,30.91,25.96,76.75,4.96,2.82,0.18,156.25
2019,12,19,30.27,27.36,77.38,3.67,2.51,1.01,288.75
2019,12,20,30.76,26.7,77.94,2.21,2.57,0.52,112.62
2019,12,21,31.35,27.66,77.19,7.4,2.76,0.49,317.31
2019,12,22,30.51,26.64,82.38,11.5,3.72,1.21,274.88
2019,12,23,29.35,26.69,80.69,12.54,3.09,1.4,254.44
2019,12,24,30.48,26.26,81.31,6.13,3.6,0.55,254.44
2019,12,25,29.35,26.62,84.94,10.93,4.98,1.95,304.88
2019,12,26,29.48,26.38,82.88,9.12,3.09,0.11,322.88
2019,12,27,27.98,26.18,90.31,50.02,5.02,2.31,247.31
2019,12,28,28.19,25.76,86.38,20.13,3.36,0.86,238.81
2019,12,29,29.51,26.3,81.69,5.46,3.66,0.3,146.69
2019,12,30,30.75,26.85,80.5,5.18,4.27,0.65,231.06
2019,12,31,28.93,26.65,88.5,32.09,5.24,1.55,321
2020,1,1,27.67,25.93,88.25,50.82,6.59,3.09,309.38
2020,1,2,29.4,25.68,84,6.76,5.48,2.26,307.75
2020,1,3,28.38,26.19,86.88,51.2,6.2,2.71,285.56
2020,1,4,28.76,25.76,87.44,9,6.56,2.7,285.12
2020,1,5,28.21,25.83,88.44,10.65,6.61,2.57,289.06
2020,1,6,29.4,25.97,85.06,7.2,6.12,2.55,283
2020,1,7,29.66,25.57,84.56,6.43,6.2,2.7,264.56
2020,1,8,28.69,25.53,86.5,15.14,6.8,2.35,280.06
2020,1,9,28.38,25.87,87.12,18.98,8.07,2.51,287.06
2020,1,10,28.75,25.47,84,9.24,7.55,3.43,292.19
2020,1,11,28.48,25.01,84.81,9.85,6.22,2.81,265.12
2020,1,12,30.71,25.29,80.69,1.96,6.22,2.77,262.44
2020,1,13,29.86,25.51,83.62,8.7,6,2.38,267.31
2020,1,14,29.13,25.73,84.38,9.95,5.51,2.03,297.81
2020,1,15,28.21,26.11,82.69,14.25,5.3,0.54,312.56
2020,1,16,30.15,25.33,82.06,3.63,4.09,1.06,298.69
2020,1,17,30.62,26.19,81.75,7.47,4.09,0.67,295.25
2020,1,18,28.86,26.28,83.56,6.83,3.07,0.8,255.25
2020,1,19,30.48,26.37,79.5,1.17,3.65,0.92,207.62
2020,1,20,30.18,25.82,82.94,2.89,4.27,0.47,286.31
2020,1,21,29.76,26.34,85.38,2.68,4.29,1.46,233.88
2020,1,22,30.12,26.38,82,7.12,3.02,0.73,111.06
2020,1,23,30.01,26.46,81.19,11.8,3.73,0.6,266.88
2020,1,24,29.59,26.19,84.12,20.68,4.68,0.21,251.5
2020,1,25,27.99,26.5,89.31,32.45,6.29,0.7,314.88
2020,1,26,29.21,26.26,87.88,7.08,5.02,1.13,21.81
2020,1,27,30.1,25.8,81.06,6.32,3.59,0.27,52.62
2020,1,28,29.56,26.49,82.88,4.71,3.72,0.5,214.69
2020,1,29,30.48,26,82.25,9.22,3.9,1.57,279.31
2020,1,30,29.26,26.25,86.62,18.14,3.98,1.68,255.5
2020,1,31,29.2,26.4,85.94,14.2,4.73,1.88,347.38
2020,2,1,28.81,26.37,88.56,24.45,4.42,2.05,73.5
2020,2,2,29.23,25.69,85.12,7.51,4.67,0.97,245.69
2020,2,3,28.63,26.08,87.19,18.46,4.53,1.18,311.5
2020,2,4,27.86,26.29,86.12,14.43,3.76,1.55,293.38
2020,2,5,29,25.62,84.88,20.04,4.22,1.58,291.75
2020,2,6,28.78,25.93,87.38,31.15,4.19,1.63,277.06
2020,2,7,28.72,25.45,87.81,17.2,6.45,1.97,298.31
2020,2,8,28.12,26,85,44.47,6.56,1.9,318.12
2020,2,9,29.54,25.61,81.75,7.29,5.12,2.95,261.94
2020,2,10,30.82,25.56,82.25,3.35,4.59,2.57,226.12
2020,2,11,29.98,25.61,80.81,1.86,3.2,1.09,226.81
2020,2,12,30.84,25.58,80.94,2.28,3.59,0.35,270.88
2020,2,13,29.94,26.62,82.56,3.83,3.3,0.48,105.62
2020,2,14,29.26,25.96,85.44,2.65,2.71,0.7,217.62
2020,2,15,30.16,26.41,81.88,10.11,2.7,0.45,284.62
2020,2,16,28.86,26.13,87.06,44.54,4.9,0.29,230.88
2020,2,17,28.72,25.44,85.12,37.87,3.45,2.41,258.44
2020,2,18,28.48,25.44,87.06,17.45,5.09,2.28,297.44
2020,2,19,27.69,25.45,89.06,26.06,6.81,1.73,303.62
2020,2,20,28.73,26.12,87.12,30.66,5.63,2.52,309
2020,2,21,28.69,26.44,86.62,26.91,5.41,2.34,312.44
2020,2,22,28.9,26.37,86.75,18.52,5.36,2.47,321.5
2020,2,23,29.07,26.42,87.5,24.65,6.86,2.68,288.5
2020,2,24,28.82,26.81,87.06,20.35,7.73,2.67,291.75
2020,2,25,28.67,26.79,87.25,96.49,7.27,0.49,315.75
2020,2,26,29.18,26.15,87.5,11.63,5.36,0.45,325.88
2020,2,27,28.83,26.51,86.5,9.28,5.29,1.41,289.62
2020,2,28,28.14,26.87,88.5,9.81,4.66,1.25,273
2020,2,29,28.57,26.05,89.25,13.56,6.3,0.62,302.69
2020,3,1,28.22,26.76,90.5,23.5,5.51,2.35,326.69
2020,3,2,29.26,26.78,83.31,1.55,4.8,0.3,320.62
2020,3,3,29.68,25.94,84.69,1.48,4.54,0.5,287.38
2020,3,4,29.39,26.45,87.06,30.99,6.19,0.7,274.5
2020,3,5,29.03,26.23,87.62,8.89,6.2,3.48,241.5
2020,3,6,29.53,26.05,84.12,5.51,5.18,2.45,280
2020,3,7,29.11,26.23,85.44,6.75,4.6,2.12,271.69
2020,3,8,28.73,25.87,86.81,3,4.18,0.62,257.75
2020,3,9,29.52,25.89,87.06,0.98,6.76,3.7,246.5
2020,3,10,30.03,26.08,85.38,2.27,4.32,3.03,254.88
2020,3,11,29.13,26.11,86.94,2.84,3.43,1.48,197.88
2020,3,12,29.01,27.04,88.38,17.44,5.73,1.06,235.38
2020,3,13,29.01,26.35,84.81,5.38,3.09,0.28,197.25
2020,3,14,30.15,26.47,82.44,4.5,2.93,0.92,51.56
2020,3,15,29.86,27.01,85.19,7.96,3.35,0.75,46.12
2020,3,16,29.32,26.53,82.44,14.89,2.48,0.67,217.75
2020,3,17,29.68,26.63,80.88,9.98,3.49,0.36,127.69
2020,3,18,28.67,26.48,86.25,12.18,3.41,1.46,33.38
2020,3,19,30.15,26.26,80.19,14.61,2.06,0.34,241.56
2020,3,20,28.5,25.94,85.44,21.01,3.27,0.59,291.56
2020,3,21,29.15,26.25,82.5,19.37,2.78,0.34,105.88
2020,3,22,28.63,26.35,82.31,16.55,3.36,0.05,111.69
2020,3,23,29.68,26,79.12,2.3,1.73,0.28,204.88
2020,3,24,29.51,26.25,81.12,5.51,3.12,0.26,209.5
2020,3,25,29.76,26.23,81.25,4.16,2.24,0.11,162.31
2020,3,26,28.9,26.45,85.25,39.23,3.45,0.85,94.56
2020,3,27,30.3,26.55,82.88,7.28,3.53,1.03,313.62
2020,3,28,29.86,25.83,85.06,4.57,3.1,0.61,244
2020,3,29,30.05,26.53,84.75,4.91,3.62,0.92,285.25
2020,3,30,29.47,26.43,86,22.36,3.34,1.15,247.44
2020,3,31,30.3,25.9,82.88,12.94,3.8,2.45,247.69
2020,4,1,29.87,26.05,83.12,3,3.86,2.23,253.44
2020,4,2,30.35,26.27,84.25,1.52,4.82,2.72,253.69
2020,4,3,30.33,26.26,83.38,1.31,3.67,1.02,269.44
2020,4,4,28.6,26.48,86.81,7.1,2.39,0.5,262.06
2020,4,5,30.36,26.33,81.19,13.43,2.02,0.38,168.25
2020,4,6,28.4,26.05,87.25,10.67,3.67,2.29,268.81
2020,4,7,28.29,25.64,87.75,10.49,5.59,3.24,263.88
2020,4,8,29.51,25.98,83.19,5.58,3.64,1.1,201.38
2020,4,9,28.11,26.45,84.94,2.01,4.06,0.16,130.12
2020,4,10,30.08,26.36,81.75,17.13,2.22,0.66,208.88
2020,4,11,31.33,25.94,80.5,6.87,3.09,0.8,155.25
2020,4,12,30.1,27.14,82.94,10.28,3.8,0.09,128.25
2020,4,13,28.48,27.05,85.62,35.87,4.77,0.49,152.88
2020,4,14,30.34,26.22,81,5.21,3.35,0.49,97.25
2020,4,15,29.12,26.72,86.94,8.83,6.78,0.56,187
2020,4,16,29.64,26.64,81.69,1.89,2.87,0.1,61.56
2020,4,17,29.77,27.08,78.88,3.33,3.13,0.03,149.81
2020,4,18,30.12,26.99,80,3.51,2.73,0.62,265.62
2020,4,19,30.44,27.11,77.5,2.62,1.99,0.72,116.31
2020,4,20,29.74,27.39,80.69,1.57,2.94,0.52,52
2020,4,21,29.98,27.28,81.69,3.13,3.01,1.25,43.06
2020,4,22,30.78,27.08,82.19,1.48,3.92,2.14,72.06
2020,4,23,29.68,27.39,86.5,2.75,4.63,2.33,70.81
2020,4,24,29.29,27.23,87.12,7.01,4.48,1.88,59.19
2020,4,25,29.71,26.13,83.44,0.41,4.46,2.84,102.12
2020,4,26,29.79,26.05,84.06,6.58,3.01,2.13,86.81
2020,4,27,28.39,27.03,87.44,12.01,4.62,2.56,132.62
2020,4,28,28.51,26.76,86.19,7.75,2.74,0.9,228.56
2020,4,29,29.83,26.08,79.88,7.56,3.02,1.96,79.56
2020,4,30,29.54,26.76,85.94,5.13,3.43,1.68,77.62
2020,5,1,28.75,26.58,88.69,12.18,3.67,2,57.19
2020,5,2,30.28,26.05,80.88,9.82,3.29,1.12,95.94
2020,5,3,29.63,26.56,85.19,7.51,3.77,2.37,74.5
2020,5,4,29.45,26.83,86.19,4.42,4.39,1.63,81.81
2020,5,5,29.85,26.15,85.69,3.36,3.09,1.49,88.12
2020,5,6,30.08,26.75,86.31,2.93,3.38,1.12,57.44
2020,5,7,30.01,26.89,86.06,1.43,4.69,2.65,98.38
2020,5,8,30,26.85,82.56,2.78,3.28,0.89,96.81
2020,5,9,30.38,26.81,80.62,2.8,3.6,0.41,133.69
2020,5,10,30.05,27.09,81.75,4.11,2.45,0.45,143.12
2020,5,11,28.76,26.57,84.31,10.34,3.34,0.49,155.5
2020,5,12,30.33,26.48,84.88,1.66,3.78,1.84,85.81
2020,5,13,29.64,27.12,88.69,7.24,4.7,2,72.94
2020,5,14,29.93,26.99,86.06,1.37,5.31,2.85,97.06
2020,5,15,30.2,26.54,86.25,0.42,5.66,3.02,92.88
2020,5,16,30.8,26.6,85.94,1.25,5.68,3.52,98.12
2020,5,17,30.13,27.39,88.38,4.83,4.37,2.84,69.06
2020,5,18,29.8,26.73,79.06,9.66,3.59,0.17,207.75
2020,5,19,29.99,26.5,84,2.08,3.85,1.37,96.5
2020,5,20,29.31,26.87,88.81,11.29,4.21,2.88,114.44
2020,5,21,30.6,26.03,81.12,4.21,2.66,0.46,284.88
2020,5,22,29.67,26.95,84.19,7.62,3.51,0.19,74
2020,5,23,29.37,26.6,81.75,0.9,2.15,0.45,206.69
2020,5,24,31.22,26.48,79.56,1.35,2.8,1.02,226.19
2020,5,25,30.58,26.48,82,5.07,2.73,1.36,240.38
2020,5,26,29.55,27.01,87.25,26,4.35,2.42,249.62
2020,5,27,28.87,26.78,86.5,5.08,3.6,0.7,230.81
2020,5,28,29.32,26.13,82.31,4.23,3.41,0.35,160.69
2020,5,29,29.94,26.44,83.56,5.98,2.77,2,91.44
2020,5,30,29.87,26.67,85.62,5.49,4.21,2.25,69.94
2020,5,31,31.21,26.71,78.69,6.77,3.4,0.41,99.94
2020,6,1,28.98,26.54,83.31,5.8,5.1,0.72,76.94
2020,6,2,29.58,26.46,80.44,3.75,4.07,1.01,88
2020,6,3,29.47,26.61,85.88,4.3,6.2,3.35,97.88
2020,6,4,29.77,26.09,84.06,0.94,6.9,3.8,101.69
2020,6,5,29.1,26.28,82.94,2.14,3.51,1.78,70.19
2020,6,6,30.23,26.29,79.12,0.74,2.66,1.06,52.75
2020,6,7,29.65,26.2,83.38,2.02,4.54,1.26,54.12
2020,6,8,29.08,26.52,83.56,2.25,3.34,2.09,45.38
2020,6,9,29.89,26.37,78.06,0.77,2.08,0.2,144.94
2020,6,10,29.59,26.58,85.56,2.89,3.98,2.41,62
2020,6,11,29.79,26.78,85.94,3.38,4.23,3.09,74.12
2020,6,12,29.61,26.32,84.44,2.09,5.17,3.4,79.44
2020,6,13,29.83,26.41,81.75,0.22,3.6,2.69,77.62
2020,6,14,30.47,25.87,82.19,0.13,5.05,2.83,89.06
2020,6,15,29.3,26.63,87,1.54,3.52,2.01,90.38
2020,6,16,29.63,26.4,87.69,1.37,5.5,2.63,86
2020,6,17,29.94,25.74,85.56,1.14,3.92,2.31,77.75
2020,6,18,29.33,26.62,86.69,1.91,4.36,1.62,51.62
2020,6,19,28.93,25.91,83.75,3.59,3.34,0.66,172.44
2020,6,20,30.01,25.69,83.12,0.75,4.82,2.85,104.31
2020,6,21,29.86,25.19,83.44,2.57,4.94,2.75,96.75
2020,6,22,28.08,25.6,86.31,7.26,4.84,2.75,93.19
2020,6,23,29.24,25.65,83.94,3.76,4.42,1.9,78
2020,6,24,29.8,26.26,79.06,1.6,2.34,0.39,215.69
2020,6,25,29.77,26.05,79.38,0.79,3.28,0.18,98.88
2020,6,26,29.39,26.17,82.25,0.84,3.95,0.55,74.69
2020,6,27,29.09,25.74,84.88,0.41,5.01,3.02,74.56
2020,6,28,29.72,25.77,82.69,0.19,4.43,3.33,84.19
2020,6,29,29.85,25.4,81.38,0.03,4.99,3.66,96.75
2020,6,30,29.58,25.23,83.5,3.14,4.61,3.5,98.19
2020,7,1,29.8,25.1,82.06,5.18,4.05,2.53,103.56
2020,7,2,29.15,26.28,78.62,16.11,2.3,0.48,151.12
2020,7,3,29.65,25.51,83.88,10.39,4.44,2.78,95.81
2020,7,4,29.08,25.46,82.25,5.51,5.68,3.8,98.69
2020,7,5,29.93,24.83,81.12,0.46,5.74,4.32,97.88
2020,7,6,29.18,25.22,84.62,5.07,5.69,4.08,101.81
2020,7,7,28.45,25.56,86.31,3.12,4.36,3.02,96.56
2020,7,8,29.58,25.32,80.75,4.49,3.09,0.5,122.5
2020,7,9,29.1,25.04,78,1.39,2.3,0.48,136.38
2020,7,10,29.55,25.87,77.69,0.71,2.53,0.22,107.38
2020,7,11,29.45,26.03,82.62,1.36,3.91,0.91,88
2020,7,12,29.52,25.84,83.62,1.66,3.43,2.28,91.19
2020,7,13,28.94,25.62,85.31,2.67,3.93,2.88,89
2020,7,14,29.28,25.6,85.88,4.54,3.94,2.48,71.75
2020,7,15,29.08,25.4,85.44,4.44,6.42,3.26,98.88
2020,7,16,29.03,25.85,86.88,7.81,5.53,4.09,91.25
2020,7,17,29.27,25.76,84.75,1.25,4.45,2.64,93
2020,7,18,29.43,24.93,84.81,1.32,4.06,2.66,87.69
2020,7,19,29.99,25.48,82.12,1.84,3.2,2.48,85.81
2020,7,20,29.77,25.53,83.69,1.42,4.09,2.52,85.56
2020,7,21,29.9,25.65,84.56,1.95,3.45,2.28,74.62
2020,7,22,30,25.83,84,1.67,4.74,2.52,82.88
2020,7,23,29.73,25.48,83.69,1.39,3.65,2.2,81.75
2020,7,24,29.86,25.9,82.25,0.59,4.04,2.79,78.06
2020,7,25,29.99,24.7,78.31,0.02,5.05,2.7,95.44
2020,7,26,29.12,24.44,78.31,0,5.02,3.61,100.69
2020,7,27,29.23,24.26,78.75,0,4.59,2.82,101.56
2020,7,28,29.45,23.94,76.69,0,3.7,1.31,100.12
2020,7,29,29.59,23.89,76.19,0,3.91,1.24,86.31
2020,7,30,29.65,24.42,75.44,0,4.15,1.7,93.44
2020,7,31,28.99,24.1,70.5,0,3.91,0.64,93.06
2020,8,1,29.04,24.13,69.88,0,2.5,0.13,125.94
2020,8,2,29.9,25.16,75.31,0.01,2.98,0.24,86.88
2020,8,3,29.16,25.42,81.56,0.01,4.38,1.02,86.69
2020,8,4,29.6,24.88,83.38,0.3,5.04,3.07,96
2020,8,5,30.08,25.49,82.12,0.67,3.48,1.55,71.75
2020,8,6,29.62,25.7,84.06,1.74,3.49,1.41,55.62
2020,8,7,29.19,25.77,85.44,6.64,3.86,1.25,55.81
2020,8,8,29.4,25.36,85.19,2.45,4.2,2.01,64.12
2020,8,9,29.4,25.48,83.88,2.13,3.19,1.33,36.56
2020,8,10,29.76,25.51,84.62,0.47,4.67,1.96,80.62
2020,8,11,29.58,25.35,85.12,2.76,3.82,2.72,98.31
2020,8,12,30.11,25.64,84.44,1.11,5.12,2.65,88.31
2020,8,13,27.44,26.01,88.94,22.47,5.3,1.98,115.12
2020,8,14,29.7,25.69,83.94,2.64,4.09,1.49,98.69
2020,8,15,29.52,24.98,85.38,0.63,4.19,2.63,80.62
2020,8,16,29.13,25.42,85.62,2.63,4.18,2.13,78.31
2020,8,17,29.65,25.24,83.94,2.77,4.38,2.19,79.75
2020,8,18,28.84,25.44,85.06,2.98,3.78,2.43,79.38
2020,8,19,29.4,25.38,84,0.42,4.81,2.61,81.38
2020,8,20,29.52,25.69,82.62,0.15,6.55,2.66,81.88
2020,8,21,30.04,25.06,82,0.04,6.78,3.7,94.12
2020,8,22,30.22,23.8,81.62,0.06,4.64,2.77,100.94
2020,8,23,29.73,25.48,82.25,0.13,3.59,2.66,88.44
2020,8,24,29.96,25.69,82,0.03,5.17,2.79,94.44
2020,8,25,30.29,24.41,77.19,0,6.78,2.2,100.38
2020,8,26,30.51,24.26,78,0,5.3,2.4,108.44
2020,8,27,29.78,24.09,77.62,0,5.3,3.03,91.88
2020,8,28,29.91,24.28,77.62,0,5.53,2.37,100.62
2020,8,29,30.54,24.69,79.62,0.72,4.5,2.57,100.06
2020,8,30,29.83,25.44,83.25,1.8,5.38,3.35,89
2020,8,31,30.56,24.8,78.62,0.11,4.63,2.88,90.62
2020,9,1,30.6,24.83,79.06,0.22,5.11,2.12,98.12
2020,9,2,30.24,25.01,79.31,8.02,3.55,1.16,84.94
2020,9,3,30.37,25.87,80.56,1.77,4.72,1.24,78.12
2020,9,4,29.79,25.81,84.12,0.49,4.95,2.38,87.69
2020,9,5,30.67,25.81,81,0.46,3.83,0.38,167.25
2020,9,6,30.75,25.96,75.81,0.03,2.8,0.89,93.81
2020,9,7,30.88,25.98,76,0.07,4.66,0.67,92.25
2020,9,8,30.28,25.61,80.62,0.45,6.32,2.64,94.69
2020,9,9,30.33,25.53,82.06,0.79,5.21,1.88,84.88
2020,9,10,28.26,25.94,84.38,3.47,3.06,1.35,138.19
2020,9,11,29.62,25.77,80.69,0.82,4.09,0.59,105.12
2020,9,12,30.65,25.26,76.62,0.14,4.11,0.25,96.81
2020,9,13,31.02,25.59,73.69,0.59,3.09,0.57,247.5
2020,9,14,29.95,26.33,78.12,6.82,3.52,0.95,43.44
2020,9,15,30.55,25.38,74.56,5.51,3.53,0.92,161.5
2020,9,16,29.76,24.78,78.94,2.82,3.85,2.02,99
2020,9,17,30.48,24.78,77,1.33,3.78,2.44,80.69
2020,9,18,30.76,25.1,77.25,0.72,4.42,2.34,88.56
2020,9,19,30.9,25.43,79.25,1.57,6.32,3.09,100.75
2020,9,20,28.65,25.96,85.44,25.32,5.52,2.26,102.19
2020,9,21,30.01,25.29,82.06,13.31,3.88,2.31,164.81
2020,9,22,29.76,25.56,83.44,20.04,4.04,2.52,253.62
2020,9,23,30.83,25.89,79.38,0.71,3.57,1.18,115.5
2020,9,24,30.38,26.51,79.06,1.8,2.18,0.52,83
2020,9,25,31.15,25.99,75.06,0.39,4.03,0.67,98.31
2020,9,26,30.27,26.05,78.81,2.32,3.19,0.9,148.06
2020,9,27,27.39,26.01,85.06,9.42,2.86,0.97,206.38
2020,9,28,30.09,25.72,79.31,5.64,4.41,0.29,121.62
2020,9,29,31.08,25.37,76.19,0.59,4.49,3.5,107.19
2020,9,30,30.93,24.86,78.75,0.47,5.68,2.81,95.81
2020,10,1,30.5,25.94,81.25,0.82,5.56,2.56,94.75
2020,10,2,30.8,25.98,80.88,2.47,4.08,1.03,119.38
2020,10,3,28.79,26.24,83.19,12.89,2.97,0.1,174.94
2020,10,4,31.24,25.58,77.44,5.54,4.02,1.94,108.25
2020,10,5,31.37,25.37,73.88,2.4,3.65,0.52,178.38
2020,10,6,30.37,25.62,75.56,0.85,3.66,1.61,131.88
2020,10,7,31.32,25.65,76.31,0.46,4.02,2.2,83.69
2020,10,8,30.62,26.39,77.31,2.05,3.55,1.17,148.44
2020,10,9,29.74,25.96,81.38,2.98,4.41,0.71,87.69
2020,10,10,29.3,25.89,81.81,3.68,2.88,1.09,77.81
2020,10,11,29.46,26.37,81.19,5.06,2.98,0.86,89.12
2020,10,12,30.33,26.48,78.62,5.18,2.59,1.31,77.5
2020,10,13,30.37,26.12,82.25,12.94,4.65,0.94,57.56
2020,10,14,31.38,26.01,79.25,3.05,3.92,0.63,109.75
2020,10,15,28.51,26.13,79.81,3.25,3.88,0.2,155.62
2020,10,16,29.88,25.81,80,11.41,2.59,0.25,125.69
2020,10,17,30.01,26.23,78.38,13.02,2.56,0.28,152.25
2020,10,18,29.83,26.33,79.44,5.51,4.03,0.29,104.69
2020,10,19,29.71,26.15,81.81,7.01,3.69,2.3,79.12
2020,10,20,28.65,26.21,86.5,11.31,3.37,1.3,75
2020,10,21,30.09,25.91,81.44,8.68,2.34,0.93,289.19
2020,10,22,30.44,25.41,81.69,3.16,5.42,2.14,233.88
2020,10,23,30.51,26.15,81.12,4.69,5.33,3.52,236.56
2020,10,24,28.73,26.27,86.38,6.5,3.95,0.53,237.06
2020,10,25,28.85,26.37,88,9.34,3.6,0.27,255.69
2020,10,26,28.68,26.08,85.88,24.61,4.29,0.28,241.44
2020,10,27,27.08,25.33,88.69,9.99,4.12,1.87,259.06
2020,10,28,29.98,25.9,81.69,6.63,3.66,1.53,127.12
2020,10,29,30.69,26.33,81.12,2.59,5.1,1.74,90
2020,10,30,29.3,26.2,82.88,6.07,5.03,2.55,98.31
2020,10,31,29.77,25.57,83.56,11.67,3.66,1.41,189.38
2020,11,1,30.98,25.91,80.12,7.04,6.32,3.38,246.69
2020,11,2,31.55,25.8,80.38,7.12,5.57,2.27,247.62
2020,11,3,30.06,26.08,79.81,9.33,4.57,0.98,229.19
2020,11,4,29.84,26.22,79.88,1.86,2.95,1.48,88.19
2020,11,5,28.82,26.37,81.12,4.16,3.11,0.97,167.56
2020,11,6,29.69,26.25,81.25,2.51,5.4,1.48,113.25
2020,11,7,29.87,26.04,84,3.77,3.62,1.55,83.62
2020,11,8,29.02,25.67,83.5,6.3,3.81,0.74,60.19
2020,11,9,30.44,24.93,77.44,4.05,3.88,2.01,96.5
2020,11,10,30.44,26.29,80.81,5.59,2.47,0.82,182.56
2020,11,11,31.59,26.22,77.38,2.07,3.5,0.62,84.38
2020,11,12,30.52,27.26,83.62,5.97,6.11,2.6,68.81
2020,11,13,31.15,26.52,81.94,1.36,4.5,2.38,71.44
2020,11,14,30.44,26.76,80.19,2.92,2.46,1.36,81.94
2020,11,15,29.3,26.64,82.75,4.17,4.93,1.58,52.94
2020,11,16,29.7,26.46,83.62,2.32,5.79,2.94,97.31
2020,11,17,29.74,26.62,82,4.86,2.65,0.96,179.06
2020,11,18,29.92,26.91,81,3.08,1.96,0.15,108.19
2020,11,19,29.77,26.87,82.81,2.7,4.3,1.01,76.44
2020,11,20,30.37,26.65,80.31,1.31,4.21,0.14,102.81
2020,11,21,29.89,26.42,78.19,2.15,2.59,0.13,46.56
2020,11,22,30.52,26.19,77,2.44,2.45,0.36,231.25
2020,11,23,28.04,26.08,82.69,5.12,3.64,1.39,226.56
2020,11,24,30.17,25.9,81.88,26.81,4.41,1.96,232.19
2020,11,25,29.97,25.74,84.12,27.51,3.99,1.91,235.31
2020,11,26,30.49,25.54,80.44,8.84,4.79,2.52,221.94
2020,11,27,30.55,25.48,79.69,3.07,4.27,0.11,243.25
2020,11,28,30.41,25.62,77.31,8.3,4.88,1.55,231
2020,11,29,28.18,25.57,87.31,7.24,6.18,3.41,254
2020,11,30,28.23,25.41,86.56,64.79,5.22,3.23,257.19
2020,12,1,30.17,25.71,82.31,1.66,5.91,3.84,245.81
2020,12,2,30.34,25.48,83.19,6.01,4.39,2.51,254.25
2020,12,3,26.62,25.57,89,18.23,2.69,1.23,251.19
2020,12,4,29.84,25.04,82.5,10.31,4.51,1.43,246.69
2020,12,5,28.45,25.79,85.69,11.08,6.63,3.52,303.25
2020,12,6,28.35,26.15,85.75,21.08,8.16,5.04,292.81
2020,12,7,29.17,26.07,83.19,5.48,7.53,5.19,285.94
2020,12,8,29.94,26.03,84,3.56,8.54,5.67,278.56
2020,12,9,28.75,26.19,83.81,2.56,8.42,4.45,272.5
2020,12,10,28.53,25.86,84.88,4.16,6.37,3.36,295.56
2020,12,11,28.19,25.39,86.12,12.77,5.59,2.25,270
2020,12,12,27.87,25.3,87.31,11.04,6.34,2.8,263.94
2020,12,13,27.59,24.98,87,10.49,5.02,2.19,288.19
2020,12,14,28.21,25.28,88.69,1.94,5.41,3.44,261.94
2020,12,15,29.44,25,84.62,3.81,4.83,3.09,240.38
2020,12,16,28.66,25.01,85.69,2.61,5.95,2.71,261.5
2020,12,17,28.18,25.58,87,9.7,7.21,3.8,282.06
2020,12,18,29.3,25.07,84.06,2.78,6.99,4.11,253.06
2020,12,19,29.98,25.12,81.31,2.4,6.44,3.97,250.19
2020,12,20,29.9,24.91,83.56,2.76,4.28,3.2,258.06
2020,12,21,27.49,24.6,88,5.26,6.06,1.7,268.31
2020,12,22,29.16,25.03,83.75,6.9,4.17,2.82,258
2020,12,23,30.32,25.36,82.69,2.79,4.04,3.09,237.19
2020,12,24,30.27,25.49,83.81,22.22,5.52,2.73,233.75
2020,12,25,29.58,25.57,82.88,2.96,5.32,3.98,249.19
2020,12,26,29.71,25.37,82.75,1.32,5.52,3.79,246.19
2020,12,27,28.58,25.52,84.88,4.53,5,2.56,264.88
2020,12,28,27.8,25.4,87,12.83,6.48,2.73,253.44
2020,12,29,27.98,25.37,89.94,10.81,6.66,3.62,265.19
2020,12,30,28.11,25.34,88.19,7.06,5.8,3.42,271.31
2020,12,31,27.7,25.05,87.62,8.57,6.41,3.2,286.12
2021,1,1,28.62,25.28,84.38,6.29,5.14,3.1,276.19
2021,1,2,28.1,25.17,85.81,15.64,4.73,2.27,276.81
2021,1,3,29.07,25.02,82.69,4.13,3.55,2.22,248.38
2021,1,4,28.53,25.02,84.94,3.46,5.42,2.3,263.38
2021,1,5,28.71,25.01,87.19,7,6.27,0.35,310.19
2021,1,6,28.55,25.94,88.44,6.48,5.48,1.3,289.06
2021,1,7,28.4,25.96,84.88,13.18,5.73,1.88,321.5
2021,1,8,27.9,25.87,85.25,7.14,4.97,1.06,322.44
2021,1,9,28.75,25.58,86.62,11.69,5.9,1.27,254.38
2021,1,10,28.19,25.27,88.06,7.54,5.14,3.26,268.19
2021,1,11,28.32,25.33,87.5,9.24,4.98,3.13,275.75
2021,1,12,28.21,25.54,88.81,10.11,6.09,3.22,271.62
2021,1,13,27.54,25.23,88.88,6,7.12,3.08,291.12
2021,1,14,27.98,24.9,88.19,6.12,5.22,2.02,297.94
2021,1,15,27.75,25.19,88.56,2.81,3.84,2.64,300
2021,1,16,29.9,25.05,82.38,3.1,4.04,3.04,249.38
2021,1,17,28.59,25.33,86.31,6.26,5.19,2.74,277.69
2021,1,18,27.35,25.87,88.75,10.06,7.5,3.21,320.12
2021,1,19,27.8,25.14,86.25,17.4,8.39,2.18,322.25
2021,1,20,27.76,25.28,86.75,6.81,7.05,1.85,305.5
2021,1,21,27.33,25.28,88.12,17.15,7.05,1.14,256
2021,1,22,28.74,24.76,83.69,10.02,3.82,1.28,272.25
2021,1,23,28.14,25.44,87.69,7.23,3.84,1.08,267.12
2021,1,24,26.96,25.07,90.62,20.86,4.84,0.76,254.06
2021,1,25,28.67,25.02,83.5,8.93,4.15,0.58,285.94
2021,1,26,28.96,25.06,87.12,24.19,5.27,1.87,252.19
2021,1,27,27.03,25.09,90.25,7.79,5.95,3.83,270.5
2021,1,28,27.26,24.48,89.81,23.07,6.9,2.64,272.88
2021,1,29,28.4,24.51,85.31,18.55,7.13,2.59,285.44
2021,1,30,27.78,25.22,87,23.83,8.32,3.16,308.75
2021,1,31,27.73,25.29,88,18.5,6.98,2.52,305.19
2021,2,1,27.63,25.32,89.5,13.66,6.42,2.5,307.19
2021,2,2,27.36,25.54,90.31,51.32,6.98,2.87,307.5
2021,2,3,26.94,25.42,91.25,52.49,6.15,3.14,313.88
2021,2,4,27.57,25.45,89.19,15.45,6.91,3.81,320.19
2021,2,5,27.98,25.38,87.12,22.27,7.57,3.44,323.38
2021,2,6,28.11,26.12,88.06,34.36,7.05,3.34,332.38
2021,2,7,27.63,26.26,89.5,49.89,7.48,3.68,328.62
2021,2,8,27.7,25.83,89.25,27.3,6.53,2.8,321.81
2021,2,9,27.69,25.68,91,45.6,5.73,1.93,310.56
2021,2,10,28.77,25.36,88.12,12.34,5.63,2.39,264.25
2021,2,11,29.46,25.37,86.81,1.98,4.88,3.23,257.69
2021,2,12,27.97,25.12,89,7.8,4.04,1.58,284.38
2021,2,13,27.78,25.44,88.56,7.04,5.28,1.37,310.12
2021,2,14,27.6,25.95,89.5,8.63,6.79,1.27,306.38
2021,2,15,27.23,25.91,90.38,104.93,5.2,2.78,336.25
2021,2,16,27.4,25.57,89.75,20.56,5.7,2.31,288.19
2021,2,17,27.87,25.08,88.19,18.22,3.78,2.08,264.5
2021,2,18,28.58,24.8,86.25,17.6,5.3,3.15,283.06
2021,2,19,27.01,25.25,89.81,71.22,8.06,3.09,327.94
2021,2,20,27.26,25.19,88.12,20.32,6.35,1.57,320.94
2021,2,21,27.7,25.73,86.94,7.55,4.59,1.71,279.5
2021,2,22,28.11,25.67,87.38,8,4.29,1.04,321.62
2021,2,23,28.76,25.29,86.44,10.14,4.98,2.48,258.94
2021,2,24,28.4,25.17,87.19,13.55,6.62,4.56,259.81
2021,2,25,28.17,25.43,87.38,14.34,6.53,3.48,310.81
2021,2,26,27.44,26,90,22.77,5.48,0.86,277.06
2021,2,27,28.77,25.85,84.62,7.51,2.97,0.2,197.5
2021,2,28,29.53,25.54,84.56,8.38,3.91,1.65,215.56
2021,3,1,29.98,24.73,82.81,7.42,3.7,1.66,182.38
2021,3,2,27.87,26.05,86.25,18.09,5.91,1.33,266.25
2021,3,3,28.2,24.98,86,12,4,1.77,301.19
2021,3,4,29.27,25.33,83,16.04,2.62,1.66,309.44
2021,3,5,29.23,26.3,82.69,9.12,4.12,0.51,222.19
2021,3,6,28.73,26.17,86.75,15.64,3.73,1.3,299.62
2021,3,7,28.1,25.57,88.06,14.44,4.45,3.08,290
2021,3,8,27.76,24.96,88.06,10.47,5.61,2.35,262.19
2021,3,9,27.69,25.15,87.5,9.99,4.21,2.25,301.12
2021,3,10,27.62,25.18,88.5,17.04,5.47,2.5,302.12
2021,3,11,27.02,25.54,88.12,17.42,7.93,1.56,238.81
2021,3,12,28.41,25.56,84.12,24.55,4.08,1.2,282
2021,3,13,28.52,25.15,85.38,37.51,4.12,1.79,265.75
2021,3,14,28.38,25.02,86.81,75.08,4.77,2.37,270.5
2021,3,15,28.24,24.87,83.25,22.56,2.66,1.25,284.19
2021,3,16,29.05,25.06,82.38,16.73,3.91,1.14,259.62
2021,3,17,29.7,25.3,77.88,8.07,4.11,0.66,275.19
2021,3,18,29.26,26.12,80.88,4.58,3.33,0.57,278.75
2021,3,19,29.11,25.92,83,6.03,3.36,1.95,263.25
2021,3,20,30.1,25.55,82.75,2.62,4.7,0.45,259.94
2021,3,21,29.76,25.74,84.44,2.12,4.35,3.56,253.06
2021,3,22,28.88,25.66,85.94,3.64,4.88,3.06,258.94
2021,3,23,29.76,25.44,84.06,4.07,3.7,3.04,256.94
2021,3,24,30.36,24.74,83.12,3.38,5.1,2.97,233.12
2021,3,25,28.9,25.65,87.94,7.46,4.67,2.39,263.88
2021,3,26,29.92,25.13,81.88,4.1,2.76,0.28,264.62
2021,3,27,27.9,26.23,88.94,18.25,4.71,0.4,201.88
2021,3,28,30.2,25.8,84,7.98,3.23,0.14,185.12
2021,3,29,28.69,26.29,87,5.37,3.12,1.54,178.38
2021,3,30,28.58,26.29,85.62,5.13,2.16,0.2,286.81
2021,3,31,29.97,26.14,84.62,6.62,5.52,1.21,253.69
2021,4,1,27.87,26.01,89.12,12.77,4.6,0.92,272.31
2021,4,2,28.94,26.17,83.69,4.74,5.28,0.66,162.5
2021,4,3,27.82,25.89,86.25,12.62,3.25,0.37,290.25
2021,4,4,28.53,26.06,83.31,4.25,3.45,0.42,328.81
2021,4,5,29,25.61,83.69,6.4,3.74,0.38,233.38
2021,4,6,28.41,25.39,87.44,11.21,5.75,0.55,257.56
2021,4,7,28.57,25.56,84.12,2.32,5.3,2.59,278.06
2021,4,8,29.05,25.54,85.88,2.67,4.83,2.13,278.12
2021,4,9,28.37,25.51,87.25,3.05,4.12,0.8,293.94
2021,4,10,28.48,25.83,85.38,3.22,3.16,1.25,303.38
2021,4,11,29.8,25.88,79.81,6.96,2.99,0.19,235.94
2021,4,12,29.14,25.64,82,8.03,2.84,0.41,218.62
2021,4,13,30.04,25.35,83.19,10.27,2.88,0.54,265.44
2021,4,14,29.15,25.58,83.81,11.54,3.46,1.49,290.06
2021,4,15,28.9,25.9,79.75,16.21,2.23,0.42,273
2021,4,16,29.7,26.17,79.56,35.43,3.47,0.79,96.06
2021,4,17,29.31,26.09,81.81,15.03,3.41,0.78,125.69
2021,4,18,29.49,26.33,82.75,2.41,3.23,1.8,301.44
2021,4,19,29.49,25.84,82,3.63,2.71,0.83,109.62
2021,4,20,30.04,25.56,80.44,8.44,2.71,0.12,74.31
2021,4,21,29.87,25.52,79.5,0.76,4.14,2.72,93.06
2021,4,22,30.23,24.78,75.5,0.02,3.84,1.72,100.38
2021,4,23,30.4,26.28,73.88,1.14,2.25,0.62,257.25
2021,4,24,29.55,25.36,78.38,1.84,3.15,1.3,91
2021,4,25,29.93,26.46,78.56,1.04,3.62,1.15,71.25
2021,4,26,29.99,25.87,83.81,1.03,4.05,3.15,90.69
2021,4,27,30.38,26.09,83.62,1.05,5.03,3.68,74.81
2021,4,28,28.3,27.06,84.88,11.88,4.12,0.07,141.81
2021,4,29,28.97,26.26,83.06,4.4,3.72,0.95,92.94
2021,4,30,28.64,26.11,86.06,3.16,3.88,1.05,72.19
2021,5,1,28.65,26.2,87.69,1.59,4.5,1.71,83.44
2021,5,2,29.89,26.52,84.5,1.15,5.19,3.33,88.56
2021,5,3,29.3,26.83,86.12,1.03,5.03,3.44,78.69
2021,5,4,29.85,26.41,83.12,0.86,3.37,2.21,80.5
2021,5,5,29.65,26.54,83.56,1.89,3.15,2.02,57.19
2021,5,6,29.12,25.67,86,20.21,3.2,1.23,120.88
2021,5,7,29.02,25.6,82.38,3.18,5.15,0.8,62.88
2021,5,8,29.83,25.69,77.56,0.97,2.64,1.68,74.62
2021,5,9,29.23,26.58,82.75,6.46,2.53,0.06,69.19
2021,5,10,30.3,26.15,80.44,0.53,4.3,2.66,92.94
2021,5,11,30.28,25.75,84.81,0.2,5.61,2.89,88.56
2021,5,12,30.38,26.69,85.12,0.96,3.98,2.6,81.75
2021,5,13,30.01,27.01,86.44,2.04,4.32,2.6,87.12
2021,5,14,29.57,26.62,86.56,1.47,4.45,2.82,100.06
2021,5,15,29.8,26.71,86,0.58,4.41,2.84,89.5
2021,5,16,30.54,26.71,84.38,4.64,3.63,2.75,75.69
2021,5,17,29.05,27.05,87,13.28,2.92,1.72,64.06
2021,5,18,29.11,26.51,82.94,14.93,2.28,0.54,152.38
2021,5,19,28.9,26.54,82.94,2.88,3.66,0.16,83.31
2021,5,20,29.73,26.2,85.81,2.62,4.1,2.44,84
2021,5,21,29.55,26.23,85.69,6.12,2.94,1.88,76.56
2021,5,22,29.98,26.49,83.56,10.83,3,1.91,120.44
2021,5,23,29.48,26.29,83.88,3.71,3.13,1.44,157.25
2021,5,24,30.01,26.27,83.19,9.82,3.03,1.54,64.62
2021,5,25,29.49,26.44,86.38,10.92,4.7,1.73,75.38
2021,5,26,30.51,26.76,84.38,0.67,6.02,3.91,92.5
2021,5,27,30.36,27.08,85.75,0.98,5.91,3.79,90.12
2021,5,28,30.39,26.52,84.88,1.99,4.2,2.54,85.25
2021,5,29,29.39,26.03,85.75,6.55,2.29,0.24,123.75
2021,5,30,30.07,26.08,81.06,1.46,2.58,0.6,103.19
2021,5,31,29.52,26.84,82,5.88,2.87,0.97,213
2021,6,1,29.47,26.19,82.06,3.76,4.49,1.24,117.56
2021,6,2,30.38,26.65,80,3.36,2.32,1.15,100.38
2021,6,3,29.89,26.83,86.94,4.41,4.27,2.51,95.81
2021,6,4,30.23,27.37,87.44,5.31,4.83,3.36,74.38
2021,6,5,30.02,27.02,87.44,2.21,4.55,1.73,84.94
2021,6,6,29.85,26.37,83.94,2.89,2.26,1.58,177.88
2021,6,7,29.55,26.76,85.31,4.33,2.15,0.41,239.5
2021,6,8,29.86,26.17,81.69,0.77,2.23,1.3,126.75
2021,6,9,29.69,26.2,82.06,1.85,2.89,1.06,88.56
2021,6,10,30,26.65,81.44,2.01,2.49,1.21,60.75
2021,6,11,27.91,26.54,82.75,5.41,3.05,1.01,166.75
2021,6,12,30.31,25.65,77.31,3.04,3.36,2,96.31
2021,6,13,30,26.98,86.44,3.61,4.44,3.23,73.19
2021,6,14,29.07,26.39,87.88,1.77,5.72,3.66,87.25
2021,6,15,29.57,26.23,82.88,3.72,3.77,2.49,87.06
2021,6,16,28.73,26.01,82.94,3.63,3.51,1.26,106
2021,6,17,29.26,25.51,83,2.81,3.88,1.6,133.12
2021,6,18,29.32,26.08,82.81,2.57,2.8,1.51,124.75
2021,6,19,28.83,25.66,80.25,4.96,2.85,1.12,257.81
2021,6,20,28.16,25.75,84,37.33,3.02,0.71,214.06
2021,6,21,27.58,25.47,87.56,28.4,5.03,3.52,251.31
2021,6,22,28.38,25.21,84.69,3.37,3.3,1.49,92
2021,6,23,29.15,26.19,81.62,5.47,2.23,0.56,45.06
2021,6,24,27.69,25.8,86.81,2.91,2.63,1.27,84.88
2021,6,25,28.84,25.43,84.06,0.7,3.51,2.2,87.81
2021,6,26,29.21,25.95,86.69,0.8,3.95,2.23,81.31
2021,6,27,29.01,25.83,84.94,1.35,3.98,2.05,64.75
2021,6,28,28.98,26.16,81.31,0.64,2.37,0.27,75.81
2021,6,29,28.79,26.06,81.38,1.35,3.02,1.12,106.06
2021,6,30,28.37,25.51,83.25,2.19,3.16,0.62,92.75
2021,7,1,27.33,25.33,81.94,4.71,3.98,1.37,95.31
2021,7,2,29.73,25.05,83.44,0.33,5.49,2.74,93.19
2021,7,3,29.3,25.18,85.19,0.26,3.74,2.52,86.81
2021,7,4,29.58,24.56,77.62,0.01,3.7,1.08,101.94
2021,7,5,30.11,24.87,79.25,0.75,2.76,1.52,91.44
2021,7,6,29.86,24.55,76.31,0.34,4.13,2.48,98.19
2021,7,7,29.98,24.86,76.88,0.09,3.57,1.89,99
2021,7,8,29.07,24.22,80.62,0.23,4.7,3.36,107.69
2021,7,9,29.8,25.51,84,2.21,4.39,3.59,93.06
2021,7,10,29.19,26.06,86.75,2.49,4.91,3.36,85.12
2021,7,11,29.19,26.38,87.75,1.67,4.61,3.12,76.25
2021,7,12,29.87,25.56,82.25,0.11,5.54,3.04,93.19
2021,7,13,29.3,24.23,84.94,1.92,5.71,1.54,243.19
2021,7,14,27.7,25.51,83.5,3.42,4.55,2.61,170.69
2021,7,15,29.83,24.69,76.88,0.02,3.7,1.59,98.06
2021,7,16,29.44,24.98,79.81,0.05,4.2,2.52,97.81
2021,7,17,29.47,24.84,78.88,0.06,4.61,3.07,101.31
2021,7,18,29.8,24.69,78.38,0.7,4.17,0.34,77.19
2021,7,19,29.34,25.58,82,2.22,2.49,0.3,93
2021,7,20,29.62,25.9,82.94,1.92,2.82,1.59,76.12
2021,7,21,28.86,25.88,82.06,2.23,2.07,0.76,153.44
2021,7,22,28.49,25.54,85.12,9.86,3.09,0.45,128.69
2021,7,23,29.35,25.87,82.38,5.63,1.96,0.53,62.69
2021,7,24,29.13,26.2,81.31,3.96,2.83,1.3,91.75
2021,7,25,30.04,25.05,80.38,0.09,4.88,3.03,98.5
2021,7,26,29.35,23.79,80.81,0.16,5.15,3.44,102.75
2021,7,27,29.21,23.01,76.44,0.05,4.82,1.86,107.12
2021,7,28,29.87,23.73,78.38,0.1,4.42,1.85,105.31
2021,7,29,29.63,24.5,76.62,0.03,3.45,1.53,98.5
2021,7,30,30.08,24.02,76.38,0.37,2.95,0.47,127.88
2021,7,31,29.69,25.9,81.62,6.93,3.56,0.45,60.38
2021,8,1,30.15,25.61,82.56,8.62,2.88,1.66,71.06
2021,8,2,29.76,25.94,80.69,5.82,3.84,2.39,86.44
2021,8,3,30.03,25.87,80.56,0.83,3.75,2.12,94.31
2021,8,4,29.96,25.79,83.12,3.32,4.08,2.27,89.75
2021,8,5,29.31,25.8,85.56,3.83,5.77,3.04,90.19
2021,8,6,29.78,25.37,84.56,1.04,6.16,3.41,97.69
2021,8,7,29.83,25.62,85.38,0.98,5.69,4.02,95.31
2021,8,8,30.24,25.32,84.38,0.66,5.85,3.71,91.31
2021,8,9,29.63,25.87,85.5,5.58,5.38,3.32,78.25
2021,8,10,29.33,26.43,85.38,9.2,3.47,2.27,62.94
2021,8,11,30,24.73,80.06,0.16,5.86,3.18,102.75
2021,8,12,29.8,23.83,76.44,0.03,4.66,2.77,105.44
2021,8,13,29.65,25.16,81.12,1.71,4.12,1.75,97.31
2021,8,14,29.74,25.2,83.94,0.98,4.16,1.96,98.06
2021,8,15,30.2,26.02,82.94,0.44,7.17,3.09,96.69
2021,8,16,30.17,25.58,82.88,0.39,5.61,3.43,91
2021,8,17,29.78,25.33,81.75,0.5,3.6,1.13,90.56
2021,8,18,29.08,26.08,82.25,2.4,4.47,0.46,293
2021,8,19,27.99,25.49,84.69,4.89,3.84,0.98,256.81
2021,8,20,28.72,25.17,81.5,5.2,3.41,1.11,66.88
2021,8,21,28.08,25.28,82.81,3.7,3.65,0.16,124.94
2021,8,22,29.23,25.47,81.44,0.45,4.16,0.65,97.38
2021,8,23,29.18,25.33,83.75,1.39,3.16,1.92,85.94
2021,8,24,30.48,25.08,78.12,1.21,3.37,1.12,77.12
2021,8,25,30.4,25.3,73.56,1.63,3.55,0.95,87
2021,8,26,29.9,24.14,76.75,0.05,4.55,1.66,99.81
2021,8,27,30.31,24.25,74.25,0.02,3.59,1.41,97.5
2021,8,28,30.05,24.19,76.25,0.26,3.45,1.88,103.5
2021,8,29,29.26,25.28,79.31,0.73,3.76,0.32,82.31
2021,8,30,29.41,25.92,80.62,0.7,3.6,1,78.75
2021,8,31,30.07,25.72,82.25,1.32,4.15,1.39,87.25
2021,9,1,29.89,25.22,80.25,0.33,4.62,2.48,90.31
2021,9,2,30.14,25.28,77.44,0.18,3.54,1.28,81.62
2021,9,3,29.82,25.66,75.12,0.23,2.63,0.44,84.69
2021,9,4,30.28,25.48,73.69,0.08,3.01,0.7,86.5
2021,9,5,30.47,25.51,77.25,0.43,4.36,1.25,97.06
2021,9,6,29.01,25.65,84.38,7.59,6.02,1.84,100
2021,9,7,29.62,25.46,82.88,5.17,4.56,1.65,75.38
2021,9,8,30.74,25.93,77.44,5.92,3.23,0.01,165.88
2021,9,9,30.52,24.76,72.31,1.63,4.02,0.42,81.69
2021,9,10,30.27,25.08,70.75,0.02,2.53,0.36,125
2021,9,11,30.37,25.05,78.19,1.36,3.06,1.87,92.69
2021,9,12,29.59,25.92,84.94,8.64,4.05,2.49,91.19
2021,9,13,28.43,25.65,87.19,16.13,5.83,3.33,94.94
2021,9,14,27.92,25.19,81.5,15.79,3.4,0.57,239.88
2021,9,15,29.13,25.48,80.12,3.82,3.69,0.22,83.31
2021,9,16,29.87,25.33,83.06,2.09,4.81,2.77,85.44
2021,9,17,29.96,25.42,84.75,3.12,5.15,2.43,81.94
2021,9,18,31,26.06,80,1.13,5.86,2.09,85.44
2021,9,19,30.34,25.45,79.56,4.17,3.16,1.26,151.06
2021,9,20,30.33,25.88,78.69,2.74,4.62,1.48,78.12
2021,9,21,30.37,25.46,78.12,5.03,3.52,1.8,89.81
2021,9,22,30.4,25.79,81.69,4.24,6.34,2.84,91.38
2021,9,23,30.09,25.98,82.06,3.05,7.04,4.29,93.69
2021,9,24,30.41,26.44,83.31,2.72,5.98,3.96,89.69
2021,9,25,29.94,26.11,84.5,2.54,5.52,3.01,77.12
2021,9,26,29.74,26.23,85.19,4.44,4.74,2.36,80.75
2021,9,27,29.61,26.01,86.19,5.06,4.35,2.38,66.5
2021,9,28,29.69,26.12,84.25,3.7,4.24,2.34,57.38
2021,9,29,30.62,25.63,78.94,0.36,3.76,0.15,89
2021,9,30,30.66,26.48,77.88,2.95,3.59,0.16,104
2021,10,1,29.05,26.01,82.38,5.57,3.38,0.27,129.88
2021,10,2,29.37,26.54,80.5,2.15,3.78,0.18,110.44
2021,10,3,30.24,25.73,78.44,1.37,2.79,0.78,134.81
2021,10,4,30.37,26.77,75.44,2.08,2.73,0.2,243.81
2021,10,5,30.04,25.87,79.56,3.06,2.91,1.41,176.69
2021,10,6,29.79,25.41,80.88,3.01,3.38,1.15,161.69
2021,10,7,29.98,25.37,79.56,1.45,3.75,1.41,154.06
2021,10,8,30.26,25.6,78.38,0.73,3.34,0.76,126.81
2021,10,9,31.59,26.26,75.56,0.23,2.85,1.59,72.38
2021,10,10,31.78,26.08,74.88,0.3,3.64,0.3,97.88
2021,10,11,31.38,27.28,73.19,1,2.46,0.14,172.75
2021,10,12,31.42,26.12,75.31,1.59,5.13,0.75,73.75
2021,10,13,31.16,26.23,72.69,0.78,3.38,0.47,93.69
2021,10,14,31.11,26.18,74,0.41,2.67,1.05,84.62
2021,10,15,30.21,26.98,76.75,2.11,3.71,1.19,93.62
2021,10,16,31.06,27.55,75.88,2.78,2.31,0.68,118.19
2021,10,17,29.78,26.98,83.06,11.03,3.54,0.3,118.06
2021,10,18,28.64,26.44,86.38,14.28,3.77,1.8,149.31
2021,10,19,30.57,25.68,78.12,7.42,3.73,1.95,260.25
2021,10,20,29.37,25.98,81.56,10.28,3.64,1.49,206.62
2021,10,21,29.18,26.26,83.88,10.25,2.59,1.66,328.5
2021,10,22,29.15,26.35,84.44,10.9,3.59,1.63,84.06
2021,10,23,30.71,26.08,79.69,2.77,3.17,1.31,64.5
2021,10,24,30.43,26.83,78.5,2.91,2.26,0.93,100.19
2021,10,25,30.67,27.45,75.56,4.78,2.3,0.24,187.56
2021,10,26,30.8,27.11,77.5,2.22,3.48,0.52,85.69
2021,10,27,29.7,26.57,85,22.85,4.97,2.01,76.06
2021,10,28,29.27,25.73,81.56,15.06,5.12,0.88,85.69
2021,10,29,30.47,26.26,77.31,6.32,2.3,0.38,245.19
2021,10,30,29.27,26.78,83.19,14.47,2.82,0.41,85.19
2021,10,31,30.41,26.85,79.75,6.84,3,1.04,114.31
2021,11,1,29.73,26.46,82.94,8.84,3.62,1.3,36.56
2021,11,2,30.53,26.82,78.88,4.04,3.75,0.09,267.12
2021,11,3,29.45,26.38,83.19,8.14,3.26,0.45,216.56
2021,11,4,30.2,26.96,83.19,5,3.32,1.11,115.19
2021,11,5,29.11,26.48,83.62,2.84,3,1.69,46.5
2021,11,6,30.33,26.72,76.69,1.12,1.91,0.2,218.19
2021,11,7,29.69,26.39,84.69,6.48,4.39,1.69,281.94
2021,11,8,29.13,25.94,79.69,3.78,3.48,0.7,182.25
2021,11,9,30.17,26.63,79.19,26.03,3.56,0.62,270.75
2021,11,10,30.21,26.12,83.69,10.75,4.86,1.95,236.88
2021,11,11,29.26,25.5,80.38,5.61,5.18,1.37,253.69
2021,11,12,30.33,25.98,78.25,2.96,4.17,1.45,211.81
2021,11,13,28.94,25.94,82.38,11.2,3.27,0.75,239.69
2021,11,14,28.76,25.71,85.81,12.18,4.32,3.16,244.44
2021,11,15,28.23,25.48,86.75,6.23,4.05,2.66,261.5
2021,11,16,29.65,25.44,84.06,3.48,3.98,2.84,264.5
2021,11,17,29.78,26.31,85,1.38,4.6,3.18,263.44
2021,11,18,29.63,25.49,83.25,4,4.09,2.34,245.06
2021,11,19,28.58,25.95,89.31,7.57,4.55,2.43,279.25
2021,11,20,29.31,25.31,82.44,6.34,3.77,1.7,278.69
2021,11,21,29,25.44,83.75,2.3,5.43,2.45,268.38
2021,11,22,29.77,25.69,84.69,4.07,5.51,3.32,253.56
2021,11,23,29.62,26.23,86,4.04,4.77,2.85,259.12
2021,11,24,28.3,25.77,89,3.18,5.58,2.09,290.25
2021,11,25,29.96,25.5,83.06,2.73,3.97,2.62,262.62
2021,11,26,29.58,25.88,84.44,32.27,4.38,3.22,240.19
2021,11,27,30.23,25.39,83.31,22.72,7.52,3.64,238.44
2021,11,28,29.69,25.81,82.5,18.16,6.73,4.25,235.88
2021,11,29,30.64,25.39,82.25,27.67,5.11,3.59,234.81
2021,11,30,29.01,25.44,82.81,31.16,4.13,1.51,283.75
2021,12,1,29.69,25.55,80.19,15.21,4.73,1.27,241.25
2021,12,2,30.66,25.61,81.19,1.84,4.8,3.48,234.88
2021,12,3,30.37,25.64,82.12,3.15,5.02,3.36,245.12
2021,12,4,28.8,25.62,86.94,14.17,5.61,3.11,263.12
2021,12,5,28.13,24.95,86.88,11.12,6.64,2.15,283.19
2021,12,6,27.91,25.53,86.44,29.64,4.37,2.23,292.06
2021,12,7,28.24,25.15,86.94,15.07,6.89,2.38,290.62
2021,12,8,29.41,23.87,83.62,7.86,4.21,0.95,271.38
2021,12,9,28.36,25.42,87.88,24.05,3.82,1.59,306.81
2021,12,10,28.7,25.92,86,7.51,4.97,2.6,308
2021,12,11,27.81,25.83,89.56,13.44,4.91,2.41,283.5
2021,12,12,29.14,25.41,87.25,10.55,5.08,3.72,262.75
2021,12,13,30.27,25.54,83.38,2.33,4.23,3.37,255.62
2021,12,14,30.32,25.75,82.19,3.1,4.3,2.44,259.19
2021,12,15,29.76,26.25,82.25,6.76,2.64,0.25,185.94
2021,12,16,29.15,26.35,84.94,15.68,2.23,0.45,244.12
2021,12,17,29.36,26.21,85.12,10.85,3.77,0.39,234.94
2021,12,18,29.84,26.15,82.62,4.56,4.55,2.41,236.81
2021,12,19,30.38,26.05,83.69,18.94,3.56,1.4,258.19
2021,12,20,29.25,25.55,79.69,11.04,3.76,0.28,211.5
2021,12,21,29.3,26.08,81,13.05,3.17,0.15,103.69
2021,12,22,29.84,25.97,78.06,2.76,3.05,0.33,223.38
2021,12,23,29.12,25.58,83.25,9.11,4.8,3.01,242.31
2021,12,24,29.83,25.18,81.06,19.07,3.44,1.65,247.88
2021,12,25,28.65,24.98,85.94,9.26,3.7,1.67,264.06
2021,12,26,28.63,25.05,82.25,5.95,3.69,1.38,268.94
2021,12,27,29.68,25.47,80.25,4.91,2.52,1.36,270.69
2021,12,28,29.19,25.37,85.06,7.2,4.73,0.88,280.81
2021,12,29,29.3,25.41,82.75,3.94,3.09,0.23,268.81
2021,12,30,29.27,25.51,84.31,6.08,2.94,1.41,276.06
2021,12,31,30,25.65,81.56,3.94,5.14,1.29,232
2022,1,1,30.06,25.16,80.56,2.89,3.91,2.92,239.62
2022,1,2,29.83,25.31,83.06,1.55,4.89,3.46,232.12
2022,1,3,30.87,24.98,76.94,0.25,4.86,1.34,226.69
2022,1,4,29.46,24.94,80.12,0.65,3.03,0.94,65.38
2022,1,5,30.05,26.23,78.5,2.64,3.43,0.32,273.94
2022,1,6,28.76,25.84,82.62,8.06,4.04,1.3,241.94
2022,1,7,28.79,25.45,84.75,9,4.08,2.47,238.62
2022,1,8,29.62,25.65,82.62,8.32,4.09,1.31,258.25
2022,1,9,29.3,25.4,84.56,6.47,4.05,2.62,255.31
2022,1,10,29.39,25.67,85.31,11.65,3.58,2.71,269.31
2022,1,11,27.65,25.65,89,31.67,5.2,2.62,299.56
2022,1,12,27.57,25.22,86.62,17.47,5.34,3.16,314.38
2022,1,13,27.62,25.52,86.12,8.17,5.12,2.48,320.62
2022,1,14,28.39,24.83,85.75,7.85,5.84,2.37,319.88
2022,1,15,27.96,25.48,88.38,13.9,5.82,2.72,308.06
2022,1,16,28.12,25.41,88.5,7.94,5.46,2.61,298
2022,1,17,28.66,25.64,86.94,6.66,4.46,2.79,283.25
2022,1,18,27.5,25.63,90.31,21.3,6.47,2.52,302.94
2022,1,19,28.2,25.44,87.44,21.45,7.38,3.09,299.75
2022,1,20,27.39,24.85,88.69,16.39,7.65,2.73,281.69
2022,1,21,28.9,24.78,85.25,5.78,4.51,0.95,273.38
2022,1,22,28.29,24.78,84.69,2.4,4.78,0.75,277.56
2022,1,23,29.92,25.15,83.19,0.84,4.59,2.09,251.19
2022,1,24,29.6,25.6,86.44,2,5.82,3.38,249.44
2022,1,25,28.81,25.84,87.44,12.48,5.56,2.3,266.56
2022,1,26,28.05,25.4,89.5,3.21,4.83,2.09,282.5
2022,1,27,28.19,25.8,87.06,2.28,4.89,2.25,279.75
2022,1,28,29.24,25.05,83.44,2.49,4.21,1.56,269.75
2022,1,29,28.69,25.66,83.12,0.66,3.27,0.75,298.38
2022,1,30,29.44,25.37,83.12,1.61,3.79,0.76,275.06
2022,1,31,28.47,25.25,87.06,11.18,3.02,1.7,307.44
2022,2,1,29.1,25.23,85.19,7.86,3.12,1.78,301.69
2022,2,2,28.18,25.42,84.38,5.54,3.15,0.84,273.94
2022,2,3,28.59,26.11,82.88,10.71,3.55,0.84,311.31
2022,2,4,29.49,25.3,83.88,18.26,3.67,1.81,264.19
2022,2,5,27.62,25.21,88.12,28.95,6.23,2.5,272.62
2022,2,6,28.09,25.19,88,9.8,5.35,1.55,307.19
2022,2,7,28.35,25.76,86,10.3,7.44,2.47,317.56
2022,2,8,28.53,26.02,85.06,10.7,6.04,2.01,264.12
2022,2,9,27.46,25.33,89.62,25.5,5.99,2.2,269.94
2022,2,10,27.91,25.42,87.88,3.19,5.88,2.9,270.38
2022,2,11,28.09,24.98,86.06,2.68,4.54,2.09,292.81
2022,2,12,28.26,25.69,85.44,2.4,4.13,1.62,306.94
2022,2,13,27.51,25.56,85.75,2.1,3.23,1.66,268.19
2022,2,14,29.23,25.01,80.38,3.04,4,1.44,221.19
2022,2,15,30.85,24.7,77.88,3,4.07,0.3,222.19
2022,2,16,29.58,25.59,83.5,8.62,4.03,1.81,82.81
2022,2,17,28.15,25.33,84.62,10.84,3.08,1.35,58.25
2022,2,18,27.76,25.72,84.19,4.24,3.16,0.91,56.38
2022,2,19,28.93,25.6,82.94,4,3.21,0.91,129.06
2022,2,20,29.4,25.19,81.44,3.85,3.56,0.25,262.69
2022,2,21,28.76,26.06,82.62,5.6,3.7,0.59,282.94
2022,2,22,29.6,25.44,79.5,8.11,4.09,2.34,270.25
2022,2,23,29.58,24.62,82.25,6.96,5.03,2.61,247.19
2022,2,24,29.8,25.08,81.19,2.53,4.95,3.71,253.12
2022,2,25,29.39,25.17,83.25,6.15,5.48,3.05,245.94
2022,2,26,29.05,24.56,83.38,4.78,5.55,3.12,243.75
2022,2,27,29.51,24.81,82.31,5.42,5.96,3.19,251.56
2022,2,28,29.79,25.29,82.88,7.85,5.62,3.14,255.62
2022,3,1,29.33,25.37,85.12,7.81,6.41,3.57,256.5
2022,3,2,29.28,25.19,85.19,7.49,6.12,3.97,257.38
2022,3,3,29.35,25.33,84.94,3.22,5.16,2.7,265.94
2022,3,4,27.26,25.17,88,10.04,3.02,1.12,250.19
2022,3,5,28.85,25.04,86,12.24,3.78,2.7,241.94
2022,3,6,29.11,25.31,85.56,2.28,6.26,3.24,243.06
2022,3,7,28.69,25.69,88.12,26.81,5.01,3.8,251.69
2022,3,8,28.52,25.4,85.69,15.36,4.38,1.02,232.94
2022,3,9,29.62,25.4,84.94,11.16,3.55,0.26,272.56
2022,3,10,29.12,26.05,83.56,6.39,2.08,0.3,251.62
2022,3,11,29.13,26.12,85.69,13.96,4.8,0.62,277.31
2022,3,12,28.22,25.63,88.62,9.71,4.48,3.05,256.25
2022,3,13,28.92,25.4,87,4.87,3.92,0.93,268.31
2022,3,14,29.94,25.62,84.81,5.8,2.56,0.27,273.06
2022,3,15,27.95,26.11,87.12,52.44,4.53,0.9,231.44
2022,3,16,29.29,25.23,83.88,2.39,3.8,1.23,121.06
2022,3,17,29.77,25.81,82.31,0.36,2.94,0.48,121.81
2022,3,18,30.51,26.09,83.38,2.24,4.83,1.06,260.06
2022,3,19,29.9,26.08,85.69,4.68,6.08,4.16,241.44
2022,3,20,30.05,25.98,86,1.24,6.46,4.09,235.75
2022,3,21,28.85,26.18,85.69,3.18,5.67,4.3,243.69
2022,3,22,29.4,25.41,84.81,5.54,4.64,2.88,246.94
2022,3,23,29.4,25.66,84.25,4.47,5.46,2.34,247.75
2022,3,24,29.14,25.14,82.88,2.83,2.71,1.19,241.62
2022,3,25,29.56,26.02,82.62,4.6,2.59,0.31,98.69
2022,3,26,29.33,26.05,81.5,4.61,2.08,0.1,240.25
2022,3,27,29.74,25.13,84.06,7.51,3.83,2.25,268.62
2022,3,28,29.51,26.31,84.88,7.85,3.54,1.18,308.19
2022,3,29,28.99,25.9,85.75,4.54,4.18,1.27,242.69
2022,3,30,29.82,25.32,82.06,7.02,2.45,0.35,269.19
2022,3,31,29.44,26.18,82.25,8.96,4.66,0.63,232.75
2022,4,1,29.99,25.19,76.38,1.67,4.43,1.48,247.38
2022,4,2,30.49,25.26,80.75,6.44,3.3,2.17,249.19
2022,4,3,29.93,25.57,84.06,10.63,6.57,2.7,229.81
2022,4,4,30.22,25.27,80.25,7.45,3.73,2.24,235.62
2022,4,5,29.94,25.7,79.38,11.71,3.12,1.38,229.81
2022,4,6,30.85,25.76,81.69,11.63,5.02,1.98,221.31
2022,4,7,29.73,25.43,82.12,3.59,5.38,0.85,234.69
2022,4,8,29.18,25.82,84,20.07,4.73,0.95,226.06
2022,4,9,29.39,25.62,81.25,5.48,2.74,0.1,253.06
2022,4,10,29.24,26.47,81.81,3.65,2.56,0.41,260
2022,4,11,28.9,25.98,83.19,5.96,2.5,0.63,135.06
2022,4,12,29.19,25.96,81.12,19.64,3.3,0.55,162.69
2022,4,13,30.24,26.26,78.25,10.19,3.5,0.55,44.69
2022,4,14,29.83,26.44,78.81,0.94,2.67,0.71,69.19
2022,4,15,30.19,26.76,79.12,4.16,2.91,1.1,66.44
2022,4,16,30.44,26.18,77.31,2.85,2.84,1.41,73.81
2022,4,17,30.63,26.59,81.88,2.16,3.88,2.05,74.81
2022,4,18,30.35,26.82,84.31,6.63,3.67,2.16,60.25
2022,4,19,30.14,26.7,81.38,10.56,3.78,0.49,256
2022,4,20,28.92,26.28,87.94,13.63,5.55,2.15,275.19
2022,4,21,28.15,25.84,88.44,50.22,3.74,0.12,258.88
2022,4,22,29.25,25.83,83.31,5.15,4.02,1.37,94.38
2022,4,23,29.66,25.87,81.81,3.55,2.11,1.12,168.06
2022,4,24,30.37,26.06,80.69,3.58,4.2,1.52,241.12
2022,4,25,31.78,25.83,78.94,6.97,4.04,1.5,227.56
2022,4,26,29.49,26.2,85.56,24.71,3.66,2.34,243.94
2022,4,27,29.26,26.28,83.38,6.55,2.73,1.54,310.75
2022,4,28,28.79,26.08,87.19,16.35,4.7,2.34,275.88
2022,4,29,30.32,25.74,84.12,4,4.25,2.82,241.5
2022,4,30,29.15,26.23,86.56,5.24,3.71,1.23,110.06
2022,5,1,29.07,26.46,86.06,4.59,2.26,1.57,85.81
2022,5,2,29.66,26.58,82.38,9.25,2.66,1.52,97.12
2022,5,3,29.9,25.82,86.12,3.78,4.27,2.12,112
2022,5,4,29.94,25.76,83.56,3.32,3.51,0.24,243.56
2022,5,5,30.2,25.98,83.12,1.92,4.31,0.23,124.81
2022,5,6,30.1,24.61,80.38,1.56,4.19,1.83,96.12
2022,5,7,30.39,26.13,82.81,1.68,3.29,1.2,177.69
2022,5,8,31.09,26.17,79,1.22,4.09,0.32,246.88
2022,5,9,29.4,26.53,85.19,5.08,3.89,1.38,98.19
2022,5,10,29.38,26.83,83.69,6.09,2.9,1.02,95.75
2022,5,11,30.08,27.34,83.75,4.5,2.95,0.26,254.81
2022,5,12,30.26,26.59,86.69,1.7,4.2,2.58,243.62
2022,5,13,28.98,26.63,85.5,3.15,4.2,1.23,278.06
2022,5,14,30.66,26.15,79.31,0.49,2.89,0.5,118.19
2022,5,15,30.4,26.81,81.94,1.86,1.86,0.55,146
2022,5,16,29.78,27.04,82.62,6.85,1.84,0.84,150.19
2022,5,17,29.59,26.74,84.81,12.38,2.88,0.49,143.25
2022,5,18,29.58,26.44,84.69,8.34,2.67,0.93,100.44
2022,5,19,29.87,26.6,80.81,3.9,2.37,0.3,112.88
2022,5,20,28.25,26.19,85.38,10.34,3.6,1.15,81.31
2022,5,21,28.53,25.9,83.75,5.52,2.45,0.2,68.75
2022,5,22,28.83,26.18,82.62,2.07,3.72,0.3,126.81
2022,5,23,28.88,26.12,86.81,3.03,4.66,2.3,111.38
2022,5,24,29.19,26.65,88.5,3.65,4.93,2.78,104.25
2022,5,25,29.12,26.64,85.38,4.98,3.01,0.09,114.69
2022,5,26,27.76,25.6,84.75,4.49,2.61,0.34,239
2022,5,27,30.03,25.94,77.25,2.93,2.66,1,234.5
2022,5,28,29.4,25.26,80.94,9.91,3.12,1.7,252.75
2022,5,29,29.34,25.81,83.31,3.67,3.34,1.86,264.62
2022,5,30,28.94,25.95,79.88,6.61,1.83,0.43,256.88
2022,5,31,28.19,26.08,82.44,7.34,3.79,0.48,168.12
2022,6,1,29.73,25.46,82.75,0.75,4.13,2.38,223.81
2022,6,2,30.18,25.51,81.56,5.32,4.32,2.19,215.06
2022,6,3,30.07,25.71,75.88,8.06,3.85,0.84,214.75
2022,6,4,29.25,25.75,80.69,1.25,2.71,0.73,127.94
2022,6,5,29.42,26.41,80.12,4.02,2.26,0.16,96.94
2022,6,6,28.49,25.9,83.31,21.9,3.01,1.7,76.69
2022,6,7,28.79,25.8,83.5,3.66,3.23,2.45,94.12
2022,6,8,28.73,26.04,86.19,8.65,3.16,1.98,103.75
2022,6,9,28.54,25.87,84.88,7.33,4.93,1.37,75.06
2022,6,10,29.86,25.56,80.06,2.44,3.23,0.63,96.88
2022,6,11,29.08,25.8,85.44,5.06,3.04,1.47,83.88
2022,6,12,28.73,25.97,83,4,2.19,0.41,179.94
2022,6,13,29.19,25.31,80.5,2.74,1.92,0.66,159.38
2022,6,14,28.86,25.67,82.19,1.22,3.08,1.4,108.38
2022,6,15,28.49,25.68,84,2.33,3.16,2.22,110.69
2022,6,16,27.95,25.55,87.69,2.99,4.12,2.88,101.81
2022,6,17,28.11,24.87,84.31,4.54,3.13,1.58,101.12
2022,6,18,29.1,25.73,77,1.27,1.69,0.18,180.44
2022,6,19,29.62,25.44,80.88,0.22,3.15,1.08,87.06
2022,6,20,28.58,26.08,83.62,3.03,2.27,1.06,55.38
2022,6,21,28.51,25.84,82.81,2.95,4.91,1.13,101.19
2022,6,22,28.64,25.69,86.25,2.46,4.54,1.65,79.81
2022,6,23,29.7,25.26,84.5,1.14,4.95,2.83,97.44
2022,6,24,28.07,25.65,85.12,1.93,3.11,2.07,58
2022,6,25,28.7,25.3,80,3.72,2.58,0.93,70.38
2022,6,26,29.55,25.92,79.12,4.14,3.02,0.2,116.69
2022,6,27,29.93,24.94,79.62,15.08,2.7,0.79,206.62
2022,6,28,29.72,25.22,81,11.03,3.22,0.23,114.31
2022,6,29,29.69,25.4,78,2.64,3.01,0.25,237.69
2022,6,30,28.95,25.37,77.81,0.42,3.2,0.35,186.19
2022,7,1,29.81,24.83,79.94,0.45,3.72,0.8,103.44
2022,7,2,29.81,25.36,81.94,2.07,3.01,0.98,131.81
2022,7,3,29.35,26.56,82.88,3.91,3.03,0.09,139.69
2022,7,4,28.84,25.97,89.25,2.65,5.69,2.23,99.31
2022,7,5,28.98,25.73,85,2.65,2.7,1.77,88.25
2022,7,6,28.65,26.49,83.38,22.02,1.93,1.04,64.88
2022,7,7,30.03,25.81,81.38,0.85,2.54,0.47,69.38
2022,7,8,30.44,25.87,76.62,0.81,2.26,0.14,205.44
2022,7,9,29.3,25.2,76.81,0.64,1.91,0.54,88.94
2022,7,10,29.37,25.74,75.81,0.14,3.81,1.45,93.31
2022,7,11,29.69,24.73,79.5,0.1,3.18,2.52,108.31
2022,7,12,28.52,26.01,86.94,4.62,3.38,2.76,92.38
2022,7,13,28.3,25.63,87.12,8.12,4.26,1.92,88.88
2022,7,14,28.9,25.16,86.88,3.3,4.56,3.32,103.56
2022,7,15,29.16,25.6,87.81,18.33,4.3,1,189.44
2022,7,16,27.9,25.07,84.44,33.74,6.01,3.38,220.19
2022,7,17,28.35,25.1,85.31,3.14,3.62,2.51,103.75
2022,7,18,29.38,25.34,82.75,2.45,3.66,1.83,88.19
2022,7,19,29.88,25.33,83.31,1.22,3.64,1.95,98.56
2022,7,20,29.84,25.82,84.81,1.44,4.05,2.51,89.44
2022,7,21,29.99,25.33,81.19,0.33,3.67,2.59,100.81
2022,7,22,29.26,25.29,83.94,1.49,4.61,2.7,104.5
2022,7,23,29.53,25.11,83.94,2.73,3.15,1.43,73.19
2022,7,24,29.5,25.72,82.81,3.8,3.48,1.13,74.19
2022,7,25,29.12,25.11,81.38,0.64,4.44,2.85,88.56
2022,7,26,28.89,24.55,79.75,0.23,4.44,3.32,94.56
2022,7,27,28.96,24.56,79.38,0.01,4.03,2.61,96.06
2022,7,28,28.6,24.77,85.25,0.74,5.01,3.51,102.56
2022,7,29,29.42,24.94,85.81,4.08,3.76,2.78,97.06
2022,7,30,29.7,25.32,82.56,1.42,3.13,1.77,83.69
2022,7,31,29.68,24.79,83.88,0.44,4.8,2.48,97.94
2022,8,1,29.3,25.01,85.88,0.47,3.93,2.85,94.62
2022,8,2,29.29,24.72,83.06,0.64,3.43,1.88,102.69
2022,8,3,28.23,25.45,85.62,4.64,2.77,0.75,77.38
2022,8,4,28.62,25.79,86.19,7.36,5.47,0.66,59.12
2022,8,5,29.05,24.99,83.25,1.1,3.02,1.61,55.94
2022,8,6,29.69,24.48,76.81,1.54,3.15,1.1,82.12
2022,8,7,30.06,24.55,78.31,1.29,2.93,1.27,96.56
2022,8,8,30.37,25.33,77.94,0.48,3.12,1.3,84.06
2022,8,9,30.33,26.26,76.75,0.36,3.12,0.66,91.56
2022,8,10,30.16,25.31,81.44,0.7,3.47,2.24,99.12
2022,8,11,29.5,25.87,83.56,1.05,3.72,2.44,97.19
2022,8,12,29.85,25.83,83.81,5.43,2.8,1,82.75
2022,8,13,29.71,25.41,84.12,3.85,3.37,1.62,87.19
2022,8,14,29.16,26.02,85.19,6.32,3.41,1.38,67.38
2022,8,15,28.29,25.89,81.56,4.99,1.54,0.07,126
2022,8,16,28.44,25.82,79.31,5.54,2.13,0.3,177.5
2022,8,17,29.66,26.02,81.81,19.4,5.91,1.18,88.94
2022,8,18,30.08,25.2,79.38,0.25,5.16,3.8,105
2022,8,19,30.1,25.15,82.31,0.84,5.72,3.56,101.19
2022,8,20,29.33,25.87,82.75,2.88,5.1,2.22,92.56
2022,8,21,29.33,25.73,82.75,6.94,3.79,1.87,73.62
2022,8,22,29.32,25.58,82.94,4.06,3.87,0.54,74.06
2022,8,23,30.12,25.39,82.25,0.89,4.06,2.88,86.94
2022,8,24,30.22,25.36,81,0.5,4.16,2.87,95.88
2022,8,25,29.84,24.98,79,0.18,4.9,3.16,98.56
2022,8,26,29.83,24.19,80.31,0.59,3.09,1.3,86.75
2022,8,27,29.44,25.78,83.81,3.55,4.02,1.29,131.25
2022,8,28,29.42,25.12,83.31,2.88,4.63,1.21,41.62
2022,8,29,29.72,25.16,80.12,1.73,3.78,0.61,96.38
2022,8,30,29.89,25.94,78.12,0.53,4.04,0.11,142.38
2022,8,31,29.86,25.76,80.56,0.53,3.53,0.8,83.56
2022,9,1,29.4,25.73,85.5,2.6,5.02,2.81,85.5
2022,9,2,30.27,25.56,82.31,1.31,4.2,0.59,89.62
2022,9,3,30.68,25.4,81.69,1.55,5.33,1.53,251.56
2022,9,4,31.05,25.57,80.62,3.64,5.11,1.36,256.38
2022,9,5,29.1,25.68,84,14.31,4.3,0.98,101.31
2022,9,6,29.7,25.62,84.38,6.77,4.36,1.48,70.94
2022,9,7,29.77,25.19,81.81,7.18,2.78,0.63,159.38
2022,9,8,26.99,25.35,87.5,14.64,2.98,1.56,285.25
2022,9,9,28.5,24.9,81.94,8.09,3.63,0.88,112.62
2022,9,10,27.73,25.52,80.88,15.14,2.04,0.38,121.88
2022,9,11,29.74,25.13,79,4.29,3.62,0.28,69.44
2022,9,12,29.31,25.64,79.88,1.74,2.69,0.77,24.88
2022,9,13,30.37,26.16,76.88,2.35,3.21,0.43,195.06
2022,9,14,28.8,25.57,81.56,5.64,4.3,1.11,102.5
2022,9,15,30.08,24.98,78.06,1.2,2.85,1.16,86.31
2022,9,16,29.68,26.3,77.25,2.48,2.61,0.66,95.62
2022,9,17,29.8,25.69,81.81,2.42,3.45,1.53,90.25
2022,9,18,30.01,26.2,80.88,4.04,3.52,0.57,119
2022,9,19,29.4,26.49,80,4.18,3.55,0.52,73.69
2022,9,20,29.67,25.69,79.88,1.66,2.96,1.01,86.38
2022,9,21,29.04,25.87,82.38,4.18,2.98,0.92,66.56
2022,9,22,29.04,26.02,83.12,12.85,1.92,1.14,194.5
2022,9,23,28.55,25.85,82.19,8.68,3.13,0.47,180.25
2022,9,24,29.33,25.89,79.06,1.25,2.49,0.56,130.31
2022,9,25,31.11,25.99,76.94,0.94,3.42,0.66,98.25
2022,9,26,30.97,25.76,75.94,2.6,2.73,0.37,132.25
2022,9,27,30.94,25.79,75.5,0.54,3.3,0.93,76.25
2022,9,28,30.66,26.14,75.81,0.71,3,0.77,99.19
2022,9,29,29.83,26.34,79.44,0.56,3.9,0.37,113.5
2022,9,30,29.5,25.8,84.25,3.3,6.38,2.54,109.5
2022,10,1,29.94,25.83,84.44,3.9,3.89,1.98,81.44
2022,10,2,28.87,25.91,83.75,4.19,3.3,0.91,226.31
2022,10,3,29.64,25.54,83,9.4,3.03,1.24,274.75
2022,10,4,28.95,25.58,85.38,10.43,3.17,1.43,137.5
2022,10,5,28.67,25.65,82.69,9.69,3.79,0.52,176.12
2022,10,6,28.75,25.8,83.94,12.16,3.67,1.18,60.25
2022,10,7,27.8,25.72,83.12,13,2.95,0.38,266.94
2022,10,8,27.58,25.62,87.94,15.22,4.8,2.72,249.75
2022,10,9,29.95,25.26,81.69,5.99,5.16,1.86,252
2022,10,10,27.74,25.8,85.25,4.49,2.93,0.88,195.31
2022,10,11,27.83,25.3,85.88,6.59,3.04,1.39,284.62
2022,10,12,28.55,25.14,82.56,3.96,2.8,0.06,89.75
2022,10,13,28.47,25.55,81.38,7.04,3.04,0.28,111.88
2022,10,14,29.06,25.96,81,5.73,4.02,0.73,225.62
2022,10,15,29.6,25.53,80.88,5.67,3.92,0.88,194.19
2022,10,16,30.15,26.08,82,3.56,2.87,1.36,127.62
2022,10,17,28.11,26.64,86.12,20.14,4.14,0.24,165.69
2022,10,18,28.94,26.33,85.62,4.52,4.22,1.16,152
2022,10,19,29.69,25.89,83.56,7.09,2.83,0.28,148.25
2022,10,20,28.04,26.14,87.38,12.49,3.55,1.2,311.69
2022,10,21,28.73,25.81,82.94,6.31,3.59,0.95,250.69
2022,10,22,29.41,25.27,82.56,8.56,3.12,0.86,278.88
2022,10,23,29.85,25.9,84.75,4,4.54,2.35,253.56
2022,10,24,29.93,25.48,82.75,9.7,4.09,2.46,243.56
2022,10,25,29.07,25.08,84.25,14.74,4.74,1.66,259.06
2022,10,26,28.83,25.33,86.62,16.23,5.93,3.88,247
2022,10,27,29.73,25.12,82.38,2.13,4.97,1.27,240.62
2022,10,28,30.58,24.64,78.44,1.35,5.44,3.46,217.62
2022,10,29,30.86,24.44,77.5,3.41,4.97,0.62,235
2022,10,30,30.87,24.74,77.44,2.49,3.94,0.72,240.25
2022,10,31,29.63,25.01,82.12,1.72,4.41,1.31,123.12
2022,11,1,29.65,25.94,82.19,1.87,4.19,1.1,168.44
2022,11,2,30.36,25.48,81.25,4.64,3.3,1.8,79.12
2022,11,3,28.39,26.57,84.06,5.76,1.93,0.48,150.56
2022,11,4,28.97,26.12,83.75,13.57,2.25,0.85,138.44
2022,11,5,28.56,25.81,84.19,8.8,2.51,0.95,222.75
2022,11,6,29.29,25.54,82.62,4.48,3.05,1.12,161.44
2022,11,7,28.37,26.08,83.88,6.51,3.09,1.48,68.62
2022,11,8,28.05,25.53,83.31,4.2,3.16,0.85,195.25
2022,11,9,29.49,25.27,81.5,6.49,3.61,1,252.75
2022,11,10,29.05,25.4,83.94,6.6,4.01,2.81,247.88
2022,11,11,29.69,25.65,84.56,3.67,5.53,3.38,229.5
2022,11,12,29.78,25.29,83.75,6.6,4.24,0.34,165.69
2022,11,13,27.76,25.62,88.06,17.85,3.4,0.1,207.81
2022,11,14,29.69,25.74,84.94,4.15,4.26,2.34,256.75
2022,11,15,28.38,26.02,87.19,6.97,5.48,0.5,264.62
2022,11,16,29.01,25.45,84.25,8.36,3.39,0.41,150.38
2022,11,17,28.01,25.87,84.44,17.19,3.7,0.66,208.12
2022,11,18,28.87,25.43,85.25,4.64,4.59,1.91,275.38
2022,11,19,28.9,25.58,85.69,2.61,5.55,3.71,257.62
2022,11,20,30.23,25.02,83.69,0.64,6.6,3.82,239.5
2022,11,21,30.72,24.89,81.94,0.49,5.84,4.2,231.81
2022,11,22,30.65,25.26,82.31,1.63,6.2,4.08,229.5
2022,11,23,29.61,25.48,84.25,4.14,4.88,2.95,246.81
2022,11,24,29.76,25.4,82.56,2.06,5.6,4.16,238.44
2022,11,25,29.22,25.16,82,5.73,4.88,2.75,251.12
2022,11,26,29.62,24.97,83.12,6.31,4.58,3.01,243.12
2022,11,27,30.15,24.89,79.25,9.51,3.41,0.86,257.69
2022,11,28,28.58,26,83.56,24.33,2.85,1.7,265.62
2022,11,29,29.25,25.15,76.31,6.42,4.55,0.45,225.69
2022,11,30,29.8,25.58,78.56,18.54,3.23,0.05,240.75
2022,12,1,29.61,25.19,79.31,22.38,3.17,0.05,226.12
2022,12,2,30.15,25.19,81.12,3.4,4.25,2.22,244.38
2022,12,3,29.38,25.23,82.06,5.2,4.34,0.95,145.5
2022,12,4,28.44,25.85,84.5,13.35,2.55,0.72,128.38
2022,12,5,28.7,26.15,83,9.84,2.83,0.18,178.56
2022,12,6,28.65,26.04,81.38,2.04,1.73,0.06,81.12
2022,12,7,30.12,25.93,77.56,0.58,2.48,0.07,223.81
2022,12,8,29.41,26.12,80.62,4.59,3.02,0.2,248.19
2022,12,9,29.33,25.15,82.88,2.2,4.03,1.72,243.56
2022,12,10,29.69,25.4,83.62,1.81,4.98,2.4,222.69
2022,12,11,30.59,24.7,82.31,1.5,7.12,3.8,226.12
2022,12,12,30.5,25.3,82.69,4.46,6.34,3.16,230.31
2022,12,13,29.98,25.23,82.88,2.01,6.16,2.82,232.38
2022,12,14,29.64,25.55,84.06,2.27,5.34,3.45,242.31
2022,12,15,29.44,25.3,84.12,2.82,4.48,3.23,252.06
2022,12,16,28.73,25.69,85.06,10.85,3.12,1.28,252.56
2022,12,17,29.52,25.24,84.25,5.48,2.98,1.52,255.75
2022,12,18,30.09,25.09,80.56,2.31,3.05,1.61,245.31
2022,12,19,30.4,25.51,78.31,0.77,2.61,1.1,197.75
2022,12,20,29.64,26.56,79.75,4.23,2.37,0.25,215.62
2022,12,21,29.25,26.07,84.62,16.92,4.7,0.4,236.75
2022,12,22,29.06,25.91,85.62,11.6,5.94,3.15,273.62
2022,12,23,27.83,25.24,87.75,16.65,6.45,3.5,295.81
2022,12,24,28.27,25.15,86.19,7.76,5.38,2.35,279.75
2022,12,25,28.36,25.29,85.69,8.54,6.53,3.48,287.31
2022,12,26,28.69,24.9,84.75,4.75,5.93,2.93,291.25
2022,12,27,27.67,25.44,86,6.26,5.14,2.84,278.69
2022,12,28,28.47,25.01,84.88,5.45,6.89,4.05,273.25
2022,12,29,27.78,25.46,87.69,10.87,6.4,2.92,292.81
2022,12,30,27.81,25.62,87.81,15.76,7.31,3.3,310.75
2022,12,31,27.69,25.93,86.88,10.5,8.38,3.03,298.25
